<?xml version="1.0" encoding="UTF-8"?><kml xmlns="http://www.opengis.net/kml/2.2"><Document><name>오사카 10월 여행 — 종류별</name><Style id="s0"><IconStyle><color>ff2a2ad9</color><scale>1.1</scale><Icon><href>https://maps.google.com/mapfiles/kml/paddle/wht-blank.png</href></Icon></IconStyle></Style><Style id="s1"><IconStyle><color>ff1d65b5</color><scale>1.1</scale><Icon><href>https://maps.google.com/mapfiles/kml/paddle/wht-blank.png</href></Icon></IconStyle></Style><Style id="s2"><IconStyle><color>ff2f7d4f</color><scale>1.1</scale><Icon><href>https://maps.google.com/mapfiles/kml/paddle/wht-blank.png</href></Icon></IconStyle></Style><Style id="s3"><IconStyle><color>ff2a6a7a</color><scale>1.1</scale><Icon><href>https://maps.google.com/mapfiles/kml/paddle/wht-blank.png</href></Icon></IconStyle></Style><Style id="s4"><IconStyle><color>ff8f6f2f</color><scale>1.1</scale><Icon><href>https://maps.google.com/mapfiles/kml/paddle/wht-blank.png</href></Icon></IconStyle></Style><Style id="s5"><IconStyle><color>ff1d65b5</color><scale>1.1</scale><Icon><href>https://maps.google.com/mapfiles/kml/paddle/wht-blank.png</href></Icon></IconStyle></Style><Style id="s6"><IconStyle><color>ff3b7dd8</color><scale>1.1</scale><Icon><href>https://maps.google.com/mapfiles/kml/paddle/wht-blank.png</href></Icon></IconStyle></Style><Style id="s7"><IconStyle><color>ff8e6bbf</color><scale>1.1</scale><Icon><href>https://maps.google.com/mapfiles/kml/paddle/wht-blank.png</href></Icon></IconStyle></Style><Style id="s8"><IconStyle><color>ff0080ff</color><scale>1.1</scale><Icon><href>https://maps.google.com/mapfiles/kml/paddle/wht-blank.png</href></Icon></IconStyle></Style><Folder><name>점프·애니 신품 굿즈·이치방쿠지</name><Placemark><name>🛍️★ 이치방쿠지 공식숍 신사이바시 PARCO점</name><description><![CDATA[[이치방쿠지] ★ 추천 · 일정상 10/12(월) · 신사이바시·아메무라·호리에<br>공식숍, 판매 중인 쿠지 목록을 공개 — 신사이바시 날<br>🕒 10:00～20:00<br>쉬는 날: 여행 중 쉬는 날 없음(확인된 범위)<br>一番くじ公式ショップ 心斎橋PARCO店（バンダイナムコ Cross Store内） · 〒542-0085 大阪府大阪市中央区心斎橋筋1丁目8-3 心斎橋PARCO 5F<br><a href='https://www.google.com/maps/search/?api=1&query=%E4%B8%80%E7%95%AA%E3%81%8F%E3%81%98%E5%85%AC%E5%BC%8F%E3%82%B7%E3%83%A7%E3%83%83%E3%83%97%20%E5%BF%83%E6%96%8E%E6%A9%8BPARCO%E5%BA%97%EF%BC%88%E3%83%90%E3%83%B3%E3%83%80%E3%82%A4%E3%83%8A%E3%83%A0%E3%82%B3%20Cross%20Store%E5%86%85%EF%BC%89%20%E3%80%92542-0085%20%E5%A4%A7%E9%98%AA%E5%BA%9C%E5%A4%A7%E9%98%AA%E5%B8%82%E4%B8%AD%E5%A4%AE%E5%8C%BA%E5%BF%83%E6%96%8E%E6%A9%8B%E7%AD%8B1%E4%B8%81%E7%9B%AE8-3%20%E5%BF%83%E6%96%8E%E6%A9%8BPARCO%205F'>구글맵</a> · <a href="https://bandainamco-am.co.jp/chara_shop/ichibankuji-official-shop/shop/shinsaibashi/">공식</a>]]></description><styleUrl>#s0</styleUrl><Point><coordinates>135.501312,34.674038,0</coordinates></Point></Placemark><Placemark><name>🛍️★ 점프숍 오사카 신사이바시점</name><description><![CDATA[[점프 공식] ★ 추천 · 일정상 10/12(월) · 신사이바시·아메무라·호리에<br>가장 무난 — 매일 영업·면세·지하철 직결. 점프 공식 신품과 한정품<br>🕒 10:00~20:00<br>쉬는 날: 여행 중 쉬는 날 없음(확인된 범위)<br>JUMP SHOP 大阪心斎橋店 · 〒542-8501 大阪府大阪市中央区心斎橋筋1-7-1 大丸心斎橋店 本館9F<br>면세 · 사카모토·헌터헌터 취급 · <a href='https://www.google.com/maps/search/?api=1&query=JUMP%20SHOP%20%E5%A4%A7%E9%98%AA%E5%BF%83%E6%96%8E%E6%A9%8B%E5%BA%97%20%E3%80%92542-8501%20%E5%A4%A7%E9%98%AA%E5%BA%9C%E5%A4%A7%E9%98%AA%E5%B8%82%E4%B8%AD%E5%A4%AE%E5%8C%BA%E5%BF%83%E6%96%8E%E6%A9%8B%E7%AD%8B1-7-1%20%E5%A4%A7%E4%B8%B8%E5%BF%83%E6%96%8E%E6%A9%8B%E5%BA%97%20%E6%9C%AC%E9%A4%A89F'>구글맵</a> · <a href="https://jumpshop-benelic.com/pages/shop">공식</a>]]></description><styleUrl>#s0</styleUrl><Point><coordinates>135.501282,34.673428,0</coordinates></Point></Placemark><Placemark><name>🛍️★ 애니메이트 오사카 닛폰바시</name><description><![CDATA[[애니 굿즈] ★ 추천 · 일정상 10/13(화) · 닛폰바시·오타로드<br>서일본 최대급 애니 굿즈 신품. 올해 두 작품 페어 참가점, 쿠지도 있음<br>🕒 평일 11:00~20:00 / 토·일·공휴일 10:00~20:00<br>쉬는 날: 여행 중 쉬는 날 없음(확인된 범위)<br>アニメイト大阪日本橋 · 〒556-0004 大阪府大阪市浪速区日本橋西1丁目1-3 池田ビル２号館（アニメイトビル）1階・2階<br>면세 · 사카모토·헌터헌터 취급 · <a href='https://www.google.com/maps/search/?api=1&query=%E3%82%A2%E3%83%8B%E3%83%A1%E3%82%A4%E3%83%88%E5%A4%A7%E9%98%AA%E6%97%A5%E6%9C%AC%E6%A9%8B%20%E3%80%92556-0004%20%E5%A4%A7%E9%98%AA%E5%BA%9C%E5%A4%A7%E9%98%AA%E5%B8%82%E6%B5%AA%E9%80%9F%E5%8C%BA%E6%97%A5%E6%9C%AC%E6%A9%8B%E8%A5%BF1%E4%B8%81%E7%9B%AE1-3%20%E6%B1%A0%E7%94%B0%E3%83%93%E3%83%AB%EF%BC%92%E5%8F%B7%E9%A4%A8%EF%BC%88%E3%82%A2%E3%83%8B%E3%83%A1%E3%82%A4%E3%83%88%E3%83%93%E3%83%AB%EF%BC%891%E9%9A%8E%E3%83%BB2%E9%9A%8E'>구글맵</a> · <a href="https://www.animate.co.jp/shop/nipponbashi/">공식</a>]]></description><styleUrl>#s0</styleUrl><Point><coordinates>135.504761,34.66048,0</coordinates></Point></Placemark><Placemark><name>🛍️ RofJ 바이 점프숍 팝업숍 신사이바시</name><description><![CDATA[[점프 공식] 일정상 10/12(월) · 신사이바시·아메무라·호리에<br>헌터헌터 티셔츠·키링(점프숍이 만든 옷 브랜드). 면세 안 됨<br>🕒 10:00～20:00<br>쉬는 날: 여행 중 쉬는 날 없음(확인된 범위)<br>RofJ BY JUMP SHOP POP UP SHOP in SHINSAIBASHI · 〒542-0085 大阪府大阪市中央区心斎橋筋1丁目8-3 心斎橋PARCO 5F<br>사카모토·헌터헌터 취급 · <a href='https://www.google.com/maps/search/?api=1&query=RofJ%20BY%20JUMP%20SHOP%20POP%20UP%20SHOP%20in%20SHINSAIBASHI%20%E3%80%92542-0085%20%E5%A4%A7%E9%98%AA%E5%BA%9C%E5%A4%A7%E9%98%AA%E5%B8%82%E4%B8%AD%E5%A4%AE%E5%8C%BA%E5%BF%83%E6%96%8E%E6%A9%8B%E7%AD%8B1%E4%B8%81%E7%9B%AE8-3%20%E5%BF%83%E6%96%8E%E6%A9%8BPARCO%205F'>구글맵</a> · <a href="https://rofj-by-jumpshop.com/">공식</a>]]></description><styleUrl>#s0</styleUrl><Point><coordinates>135.501312,34.674038,0</coordinates></Point></Placemark><Placemark><name>🛍️ G스토어(지스토어) 오사카</name><description><![CDATA[[애니 굿즈] 일정상 10/13(화) · 닛폰바시·오타로드<br>코스파 직영 캐릭터 의류·애니 굿즈·코스프레 용품<br>🕒 11:00～20:00<br>쉬는 날: 여행 중 쉬는 날 없음(확인된 범위)<br>ジーストア大阪 · 〒542-0075 大阪府大阪市中央区難波千日前7-7<br><a href='https://www.google.com/maps/search/?api=1&query=%E3%82%B8%E3%83%BC%E3%82%B9%E3%83%88%E3%82%A2%E5%A4%A7%E9%98%AA%20%E3%80%92542-0075%20%E5%A4%A7%E9%98%AA%E5%BA%9C%E5%A4%A7%E9%98%AA%E5%B8%82%E4%B8%AD%E5%A4%AE%E5%8C%BA%E9%9B%A3%E6%B3%A2%E5%8D%83%E6%97%A5%E5%89%8D7-7'>구글맵</a> · <a href="https://www.geestore.com/geenet/geestore/osaka">공식</a>]]></description><styleUrl>#s0</styleUrl><Point><coordinates>135.504715,34.663219,0</coordinates></Point></Placemark><Placemark><name>🛍️ 소프맵 난바점 / 아니메가×소프맵 난바점</name><description><![CDATA[[애니 굿즈] 일정상 10/13(화) · 닛폰바시·오타로드<br>게임·가전 + 아니메가(애니 굿즈·트레카). 2025년 사카모토 데이즈 팝업을 연 적 있음<br>🕒 11:00～20:00<br>쉬는 날: 여행 중 쉬는 날 없음(확인된 범위)<br>ソフマップなんば店／アニメガ×ソフマップ なんば店 · 〒556-0005 大阪府大阪市浪速区日本橋3-6-18<br>사카모토·헌터헌터 취급 · <a href='https://www.google.com/maps/search/?api=1&query=%E3%82%BD%E3%83%95%E3%83%9E%E3%83%83%E3%83%97%E3%81%AA%E3%82%93%E3%81%B0%E5%BA%97%EF%BC%8F%E3%82%A2%E3%83%8B%E3%83%A1%E3%82%AC%C3%97%E3%82%BD%E3%83%95%E3%83%9E%E3%83%83%E3%83%97%20%E3%81%AA%E3%82%93%E3%81%B0%E5%BA%97%20%E3%80%92556-0005%20%E5%A4%A7%E9%98%AA%E5%BA%9C%E5%A4%A7%E9%98%AA%E5%B8%82%E6%B5%AA%E9%80%9F%E5%8C%BA%E6%97%A5%E6%9C%AC%E6%A9%8B3-6-18'>구글맵</a> · <a href="https://www.sofmap.com/tenpo/">공식</a>]]></description><styleUrl>#s0</styleUrl><Point><coordinates>135.505112,34.662689,0</coordinates></Point></Placemark><Placemark><name>🛍️ 애니메이트 텐노지</name><description><![CDATA[[애니 굿즈] 일정상 10/15(목) · 텐노지·아베노<br>신품 만화·라노벨·동인지, 캐릭터 굿즈, 피규어, 트레카, 식완, '아니쿠지', CD/DVD. 같은 건물 4층에 라신반(중고)과 아니메이트 카페 텐노지가 있음.<br>🕒 11:00~20:00 (2026-02-07부터)<br>쉬는 날: 여행 중 쉬는 날 없음(확인된 범위)<br>アニメイト天王寺 · 〒545-0052 大阪府大阪市阿倍野区阿倍野筋1-4-7 JMFビル阿倍野01 3F<br>면세 · 사카모토·헌터헌터 취급 · <a href='https://www.google.com/maps/search/?api=1&query=%E3%82%A2%E3%83%8B%E3%83%A1%E3%82%A4%E3%83%88%E5%A4%A9%E7%8E%8B%E5%AF%BA%20%E3%80%92545-0052%20%E5%A4%A7%E9%98%AA%E5%BA%9C%E5%A4%A7%E9%98%AA%E5%B8%82%E9%98%BF%E5%80%8D%E9%87%8E%E5%8C%BA%E9%98%BF%E5%80%8D%E9%87%8E%E7%AD%8B1-4-7%20JMF%E3%83%93%E3%83%AB%E9%98%BF%E5%80%8D%E9%87%8E01%203F'>구글맵</a> · <a href="https://www.animate.co.jp/shop/tennoji/">공식</a>]]></description><styleUrl>#s0</styleUrl><Point><coordinates>135.512314,34.64695,0</coordinates></Point></Placemark><Placemark><name>🛍️ 점프숍 오사카 텐노지점</name><description><![CDATA[[점프 공식] 일정상 10/15(목) · 텐노지·아베노<br>텐노지 미오 6층. 애니메이트·라신반 텐노지와 한 번에 돌기 좋음<br>🕒 10:30~20:30<br>쉬는 날: 여행 중 쉬는 날 없음(확인된 범위)<br>JUMP SHOP 大阪天王寺店 · 〒543-0055 大阪府大阪市天王寺区悲田院町10-39 天王寺ミオ 本館6F<br>사카모토·헌터헌터 취급 · <a href='https://www.google.com/maps/search/?api=1&query=JUMP%20SHOP%20%E5%A4%A7%E9%98%AA%E5%A4%A9%E7%8E%8B%E5%AF%BA%E5%BA%97%20%E3%80%92543-0055%20%E5%A4%A7%E9%98%AA%E5%BA%9C%E5%A4%A7%E9%98%AA%E5%B8%82%E5%A4%A9%E7%8E%8B%E5%AF%BA%E5%8C%BA%E6%82%B2%E7%94%B0%E9%99%A2%E7%94%BA10-39%20%E5%A4%A9%E7%8E%8B%E5%AF%BA%E3%83%9F%E3%82%AA%20%E6%9C%AC%E9%A4%A86F'>구글맵</a> · <a href="https://jumpshop-benelic.com/pages/shop">공식</a>]]></description><styleUrl>#s0</styleUrl><Point><coordinates>135.513474,34.647064,0</coordinates></Point></Placemark><Placemark><name>🛍️ 애니메이트 우메다</name><description><![CDATA[[애니 굿즈] 일정상 10/16(금) · 우메다·차야마치·나카자키초<br>NU茶屋町 3층 전체가 아니메이트임. 2024-11-15 梅田センタービル에서 옮겨 와 일부를 먼저 열었고, 2025-04-24 그랜드 오픈. 신품 애니 굿즈·만화<br>🕒 11:00~21:00<br>쉬는 날: 여행 중 쉬는 날 없음(확인된 범위)<br>アニメイト梅田 · 〒530-0013 大阪府大阪市北区茶屋町10−12 NU茶屋町3階<br>면세 · 사카모토·헌터헌터 취급 · <a href='https://www.google.com/maps/search/?api=1&query=%E3%82%A2%E3%83%8B%E3%83%A1%E3%82%A4%E3%83%88%E6%A2%85%E7%94%B0%20%E3%80%92530-0013%20%E5%A4%A7%E9%98%AA%E5%BA%9C%E5%A4%A7%E9%98%AA%E5%B8%82%E5%8C%97%E5%8C%BA%E8%8C%B6%E5%B1%8B%E7%94%BA10%E2%88%9212%20NU%E8%8C%B6%E5%B1%8B%E7%94%BA3%E9%9A%8E'>구글맵</a> · <a href="https://www.animate.co.jp/shop/umeda/">공식</a>]]></description><styleUrl>#s0</styleUrl><Point><coordinates>135.499069,34.706814,0</coordinates></Point></Placemark><Placemark><name>🛍️ 이치방쿠지 공식숍 우메다 HEP FIVE점</name><description><![CDATA[[이치방쿠지] 일정상 10/16(금) · 우메다·차야마치·나카자키초<br>공식숍 — 10/15 휴관, 10/16에<br>🕒 11:00～21:00（レジ受付は閉店10～5分前に終了）<br>쉬는 날: 10/15(목)<br>一番くじ公式ショップ 梅田HEP FIVE店（バンダイナムコ Cross Store内） · 〒530-0017 大阪府大阪市北区角田町5-15 HEP FIVE 8階<br><a href='https://www.google.com/maps/search/?api=1&query=%E4%B8%80%E7%95%AA%E3%81%8F%E3%81%98%E5%85%AC%E5%BC%8F%E3%82%B7%E3%83%A7%E3%83%83%E3%83%97%20%E6%A2%85%E7%94%B0HEP%20FIVE%E5%BA%97%EF%BC%88%E3%83%90%E3%83%B3%E3%83%80%E3%82%A4%E3%83%8A%E3%83%A0%E3%82%B3%20Cross%20Store%E5%86%85%EF%BC%89%20%E3%80%92530-0017%20%E5%A4%A7%E9%98%AA%E5%BA%9C%E5%A4%A7%E9%98%AA%E5%B8%82%E5%8C%97%E5%8C%BA%E8%A7%92%E7%94%B0%E7%94%BA5-15%20HEP%20FIVE%208%E9%9A%8E'>구글맵</a> · <a href="https://bandainamco-am.co.jp/chara_shop/ichibankuji-official-shop/shop/hepfive/">공식</a>]]></description><styleUrl>#s0</styleUrl><Point><coordinates>135.499634,34.703846,0</coordinates></Point></Placemark><Placemark><name>🛍️ 점프숍 오사카 우메다점</name><description><![CDATA[[점프 공식] 일정상 10/16(금) · 우메다·차야마치·나카자키초<br>HEP FIVE 6층(2월 리뉴얼). 10/15는 건물 휴관 → 10/16에<br>🕒 11:00~21:00 (HEP FIVE 운영시간에 준함)<br>쉬는 날: 10/15(목)<br>JUMP SHOP 大阪梅田店 · 〒530-0017 大阪府大阪市北区角田町5-15 HEP FIVE 6F<br>면세 · 사카모토·헌터헌터 취급 · <a href='https://www.google.com/maps/search/?api=1&query=JUMP%20SHOP%20%E5%A4%A7%E9%98%AA%E6%A2%85%E7%94%B0%E5%BA%97%20%E3%80%92530-0017%20%E5%A4%A7%E9%98%AA%E5%BA%9C%E5%A4%A7%E9%98%AA%E5%B8%82%E5%8C%97%E5%8C%BA%E8%A7%92%E7%94%B0%E7%94%BA5-15%20HEP%20FIVE%206F'>구글맵</a> · <a href="https://jumpshop-benelic.com/pages/shop">공식</a>]]></description><styleUrl>#s0</styleUrl><Point><coordinates>135.499634,34.703846,0</coordinates></Point></Placemark></Folder><Folder><name>중고 굿즈·피규어·레트로 게임</name><Placemark><name>🛍️★ 라신반 오사카 닛폰바시점 본관</name><description><![CDATA[[중고 굿즈] ★ 추천 · 일정상 10/13(화) · 닛폰바시·오타로드<br>온라인 재고 사카모토 14·헌터헌터 23건, 10월 26주년 세일<br>🕒 평일 11:00~20:00 / 휴일(토·일·공휴일) 10:00~20:00 (매입 접…<br>쉬는 날: 여행 중 쉬는 날 없음(확인된 범위)<br>らしんばん大阪日本橋店本館 · 〒556-0004 大阪府大阪市浪速区日本橋西1-1-3 アニメイトビル 3階<br>면세 · 사카모토·헌터헌터 취급 · <a href='https://www.google.com/maps/search/?api=1&query=%E3%82%89%E3%81%97%E3%82%93%E3%81%B0%E3%82%93%E5%A4%A7%E9%98%AA%E6%97%A5%E6%9C%AC%E6%A9%8B%E5%BA%97%E6%9C%AC%E9%A4%A8%20%E3%80%92556-0004%20%E5%A4%A7%E9%98%AA%E5%BA%9C%E5%A4%A7%E9%98%AA%E5%B8%82%E6%B5%AA%E9%80%9F%E5%8C%BA%E6%97%A5%E6%9C%AC%E6%A9%8B%E8%A5%BF1-1-3%20%E3%82%A2%E3%83%8B%E3%83%A1%E3%82%A4%E3%83%88%E3%83%93%E3%83%AB%203%E9%9A%8E'>구글맵</a> · <a href="https://www.lashinbang.com/store/42/">공식</a>]]></description><styleUrl>#s1</styleUrl><Point><coordinates>135.504761,34.66048,0</coordinates></Point></Placemark><Placemark><name>🛍️★ 스루가야 오사카 닛폰바시 본관</name><description><![CDATA[[중고 굿즈] ★ 추천 · 일정상 10/13(화) · 닛폰바시·오타로드<br>1~5층, 2층이 점프 피규어 전용 층 — 피규어는 여기부터<br>🕒 10:00~21:00<br>쉬는 날: 여행 중 쉬는 날 없음(확인된 범위)<br>駿河屋 大阪日本橋本館 · 〒556-0005 大阪府大阪市浪速区日本橋4丁目11-3（1F～5F）<br>면세 · 사카모토·헌터헌터 취급 · <a href='https://www.google.com/maps/search/?api=1&query=%E9%A7%BF%E6%B2%B3%E5%B1%8B%20%E5%A4%A7%E9%98%AA%E6%97%A5%E6%9C%AC%E6%A9%8B%E6%9C%AC%E9%A4%A8%20%E3%80%92556-0005%20%E5%A4%A7%E9%98%AA%E5%BA%9C%E5%A4%A7%E9%98%AA%E5%B8%82%E6%B5%AA%E9%80%9F%E5%8C%BA%E6%97%A5%E6%9C%AC%E6%A9%8B4%E4%B8%81%E7%9B%AE11-3%EF%BC%881F%EF%BD%9E5F%EF%BC%89'>구글맵</a> · <a href="https://www.suruga-ya.jp/feature/realstore/nihonbashi_main/index.html">공식</a>]]></description><styleUrl>#s1</styleUrl><Point><coordinates>135.505753,34.660118,0</coordinates></Point></Placemark><Placemark><name>🛍️★ 케이북스 난바 이치방칸</name><description><![CDATA[[중고 굿즈] ★ 추천 · 일정상 10/13(화) · 닛폰바시·오타로드<br>1층 취급 작품 목록에 사카모토·헌터헌터 둘 다 적혀 있음 — 가장 확실<br>🕒 12:00~20:00 (요일 구분 없이 매일 같음)<br>쉬는 날: 여행 중 쉬는 날 없음(확인된 범위)<br>K-BOOKS なんば壱番館 · 〒556-0005 大阪府大阪市浪速区日本橋4-10-4 日本橋太平ビル 1F～3F<br>사카모토·헌터헌터 취급 · <a href='https://www.google.com/maps/search/?api=1&query=K-BOOKS%20%E3%81%AA%E3%82%93%E3%81%B0%E5%A3%B1%E7%95%AA%E9%A4%A8%20%E3%80%92556-0005%20%E5%A4%A7%E9%98%AA%E5%BA%9C%E5%A4%A7%E9%98%AA%E5%B8%82%E6%B5%AA%E9%80%9F%E5%8C%BA%E6%97%A5%E6%9C%AC%E6%A9%8B4-10-4%20%E6%97%A5%E6%9C%AC%E6%A9%8B%E5%A4%AA%E5%B9%B3%E3%83%93%E3%83%AB%201F%EF%BD%9E3F'>구글맵</a> · <a href="https://www.k-books.co.jp/shop/nanba_ichiban">공식</a>]]></description><styleUrl>#s1</styleUrl><Point><coordinates>135.505798,34.661011,0</coordinates></Point></Placemark><Placemark><name>🛍️ 라신반 오사카 닛폰바시점 2호관</name><description><![CDATA[[중고 굿즈] 일정상 10/13(화) · 닛폰바시·오타로드<br>라신반 피규어 층(본관 근처) — 본관과 묶어서<br>🕒 평일 12:00~20:00 / 휴일 11:00~20:00 (공식 표기 '休日' = …<br>쉬는 날: 여행 중 쉬는 날 없음(확인된 범위)<br>らしんばん大阪日本橋店2号館 · 〒556-0005 大阪府大阪市浪速区日本橋4-16-1 ユニットコム本社ビル 2階<br>면세 · 사카모토·헌터헌터 취급 · <a href='https://www.google.com/maps/search/?api=1&query=%E3%82%89%E3%81%97%E3%82%93%E3%81%B0%E3%82%93%E5%A4%A7%E9%98%AA%E6%97%A5%E6%9C%AC%E6%A9%8B%E5%BA%972%E5%8F%B7%E9%A4%A8%20%E3%80%92556-0005%20%E5%A4%A7%E9%98%AA%E5%BA%9C%E5%A4%A7%E9%98%AA%E5%B8%82%E6%B5%AA%E9%80%9F%E5%8C%BA%E6%97%A5%E6%9C%AC%E6%A9%8B4-16-1%20%E3%83%A6%E3%83%8B%E3%83%83%E3%83%88%E3%82%B3%E3%83%A0%E6%9C%AC%E7%A4%BE%E3%83%93%E3%83%AB%202%E9%9A%8E'>구글맵</a> · <a href="https://www.lashinbang.com/store/43/">공식</a>]]></description><styleUrl>#s1</styleUrl><Point><coordinates>135.505051,34.660378,0</coordinates></Point></Placemark><Placemark><name>🛍️ 만다라케 그랜드카오스</name><description><![CDATA[[중고 굿즈] 일정상 10/13(화) · 닛폰바시·오타로드<br>6층 중고 전문 — 옛 완구·소프비·만화(최신 굿즈는 적음)<br>🕒 12:00~20:00 (매입 접수 19:30까지)<br>쉬는 날: 여행 중 쉬는 날 없음(확인된 범위)<br>まんだらけ グランドカオス · 〒556-0005 大阪府大阪市浪速区日本橋4丁目12-6（1F～6F）<br>면세 · <a href='https://www.google.com/maps/search/?api=1&query=%E3%81%BE%E3%82%93%E3%81%A0%E3%82%89%E3%81%91%20%E3%82%B0%E3%83%A9%E3%83%B3%E3%83%89%E3%82%AB%E3%82%AA%E3%82%B9%20%E3%80%92556-0005%20%E5%A4%A7%E9%98%AA%E5%BA%9C%E5%A4%A7%E9%98%AA%E5%B8%82%E6%B5%AA%E9%80%9F%E5%8C%BA%E6%97%A5%E6%9C%AC%E6%A9%8B4%E4%B8%81%E7%9B%AE12-6%EF%BC%881F%EF%BD%9E6F%EF%BC%89'>구글맵</a> · <a href="https://www.mandarake.co.jp/dir/gcs/">공식</a>]]></description><styleUrl>#s1</styleUrl><Point><coordinates>135.505692,34.659107,0</coordinates></Point></Placemark><Placemark><name>🛍️ 볼크스 오사카 쇼룸</name><description><![CDATA[[피규어] 일정상 10/13(화) · 닛폰바시·오타로드<br>1,500칸 개인 위탁 쇼케이스 — 희귀품 보물찾기<br>🕒 11:00~20:00<br>쉬는 날: 여행 중 쉬는 날 없음(확인된 범위)<br>ボークス 大阪ショールーム · 〒556-0005 大阪府大阪市浪速区日本橋4-9-18<br>면세 · <a href='https://www.google.com/maps/search/?api=1&query=%E3%83%9C%E3%83%BC%E3%82%AF%E3%82%B9%20%E5%A4%A7%E9%98%AA%E3%82%B7%E3%83%A7%E3%83%BC%E3%83%AB%E3%83%BC%E3%83%A0%20%E3%80%92556-0005%20%E5%A4%A7%E9%98%AA%E5%BA%9C%E5%A4%A7%E9%98%AA%E5%B8%82%E6%B5%AA%E9%80%9F%E5%8C%BA%E6%97%A5%E6%9C%AC%E6%A9%8B4-9-18'>구글맵</a> · <a href="https://hobby.volks.co.jp/shop/sr_osaka.html">공식</a>]]></description><styleUrl>#s1</styleUrl><Point><coordinates>135.506027,34.660786,0</coordinates></Point></Placemark><Placemark><name>🛍️ 슈퍼포테토 오타로드점</name><description><![CDATA[[레트로 게임] 일정상 10/13(화) · 닛폰바시·오타로드<br>레트로 게임 전문점(공식: 서일본 넘버원 품揃·간사이 최대 재고). 게임 외에 굿즈·추억의 과자(駄菓子) 코너 — 봉제인형·피규어·티셔츠·키홀더. 점프 피규어보다<br>🕒 평일 11:00~20:00 / 토·일·공휴일 10:00~20:00<br>쉬는 날: 여행 중 쉬는 날 없음(확인된 범위)<br>スーパーポテト オタロード店 · 〒556-0005 大阪府大阪市浪速区日本橋3-8-18 平田ビル１階<br><a href='https://www.google.com/maps/search/?api=1&query=%E3%82%B9%E3%83%BC%E3%83%91%E3%83%BC%E3%83%9D%E3%83%86%E3%83%88%20%E3%82%AA%E3%82%BF%E3%83%AD%E3%83%BC%E3%83%89%E5%BA%97%20%E3%80%92556-0005%20%E5%A4%A7%E9%98%AA%E5%BA%9C%E5%A4%A7%E9%98%AA%E5%B8%82%E6%B5%AA%E9%80%9F%E5%8C%BA%E6%97%A5%E6%9C%AC%E6%A9%8B3-8-18%20%E5%B9%B3%E7%94%B0%E3%83%93%E3%83%AB%EF%BC%91%E9%9A%8E'>구글맵</a> · <a href="https://www.superpotato.com/shop/otaroad/">공식</a>]]></description><styleUrl>#s1</styleUrl><Point><coordinates>135.505005,34.661911,0</coordinates></Point></Placemark><Placemark><name>🛍️ 스루가야 닛폰바시 오타로드 아웃렛 오미야게관</name><description><![CDATA[[중고 굿즈] 일정상 10/13(화) · 닛폰바시·오타로드<br>아웃렛 가격 중심: 애니 잡화·피규어·트레이딩 피규어·식완·장난감·프라모델·미니카·레트로 게임. 싸게 '득템'하는 보물찾기용.<br>🕒 평일 12:00~20:00 / 토·일·공휴일 11:00~20:00<br>쉬는 날: 여행 중 쉬는 날 없음(확인된 범위)<br>駿河屋 日本橋オタロードアウトレットおみやげ館 · 〒556-0005 大阪府大阪市浪速区日本橋4-15-21 第一天偉ビル1F・2F<br><a href='https://www.google.com/maps/search/?api=1&query=%E9%A7%BF%E6%B2%B3%E5%B1%8B%20%E6%97%A5%E6%9C%AC%E6%A9%8B%E3%82%AA%E3%82%BF%E3%83%AD%E3%83%BC%E3%83%89%E3%82%A2%E3%82%A6%E3%83%88%E3%83%AC%E3%83%83%E3%83%88%E3%81%8A%E3%81%BF%E3%82%84%E3%81%92%E9%A4%A8%20%E3%80%92556-0005%20%E5%A4%A7%E9%98%AA%E5%BA%9C%E5%A4%A7%E9%98%AA%E5%B8%82%E6%B5%AA%E9%80%9F%E5%8C%BA%E6%97%A5%E6%9C%AC%E6%A9%8B4-15-21%20%E7%AC%AC%E4%B8%80%E5%A4%A9%E5%81%89%E3%83%93%E3%83%AB1F%E3%83%BB2F'>구글맵</a> · <a href="https://www.suruga-ya.jp/feature/realstore/otaroad_outlet/index.html">공식</a>]]></description><styleUrl>#s1</styleUrl><Point><coordinates>135.504974,34.661247,0</coordinates></Point></Placemark><Placemark><name>🛍️ 스루가야 닛폰바시 오토메관</name><description><![CDATA[[중고 굿즈] 일정상 10/13(화) · 닛폰바시·오타로드<br>여성향 중심 중고점: 애니 잡화(캔뱃지·아크릴류)·팬시 잡화·봉제인형·피규어·애니 CD·화집/설정자료집·남성 아이돌 굿즈. 점프 작품 캐릭터 잡화를 찾을 때 함께<br>🕒 12:00~21:00<br>쉬는 날: 여행 중 쉬는 날 없음(확인된 범위)<br>駿河屋 日本橋乙女館 · 大阪府大阪市浪速区日本橋4-10-1 日本橋モリヤビル1F・2F<br><a href='https://www.google.com/maps/search/?api=1&query=%E9%A7%BF%E6%B2%B3%E5%B1%8B%20%E6%97%A5%E6%9C%AC%E6%A9%8B%E4%B9%99%E5%A5%B3%E9%A4%A8%20%E5%A4%A7%E9%98%AA%E5%BA%9C%E5%A4%A7%E9%98%AA%E5%B8%82%E6%B5%AA%E9%80%9F%E5%8C%BA%E6%97%A5%E6%9C%AC%E6%A9%8B4-10-1%20%E6%97%A5%E6%9C%AC%E6%A9%8B%E3%83%A2%E3%83%AA%E3%83%A4%E3%83%93%E3%83%AB1F%E3%83%BB2F'>구글맵</a> · <a href="https://www.suruga-ya.jp/feature/realstore/nihonbashi_otome/index.html">공식</a>]]></description><styleUrl>#s1</styleUrl><Point><coordinates>135.505814,34.661278,0</coordinates></Point></Placemark><Placemark><name>🛍️ 스루가야 오타로드 아니메·호비관</name><description><![CDATA[[중고 굿즈] 일정상 10/13(화) · 닛폰바시·오타로드<br>중고 경품 피규어(2층)와 애니 잡화(3층)를 한 건물에서<br>🕒 10:00~21:00<br>쉬는 날: 여행 중 쉬는 날 없음(확인된 범위)<br>駿河屋 オタロードアニメ・ホビー館 · 大阪府大阪市浪速区日本橋3丁目8-18 平田ビル 2階・3階<br><a href='https://www.google.com/maps/search/?api=1&query=%E9%A7%BF%E6%B2%B3%E5%B1%8B%20%E3%82%AA%E3%82%BF%E3%83%AD%E3%83%BC%E3%83%89%E3%82%A2%E3%83%8B%E3%83%A1%E3%83%BB%E3%83%9B%E3%83%93%E3%83%BC%E9%A4%A8%20%E5%A4%A7%E9%98%AA%E5%BA%9C%E5%A4%A7%E9%98%AA%E5%B8%82%E6%B5%AA%E9%80%9F%E5%8C%BA%E6%97%A5%E6%9C%AC%E6%A9%8B3%E4%B8%81%E7%9B%AE8-18%20%E5%B9%B3%E7%94%B0%E3%83%93%E3%83%AB%202%E9%9A%8E%E3%83%BB3%E9%9A%8E'>구글맵</a> · <a href="https://www.suruga-ya.jp/feature/realstore/otaroad/index.html">공식</a>]]></description><styleUrl>#s1</styleUrl><Point><coordinates>135.505005,34.661911,0</coordinates></Point></Placemark><Placemark><name>🛍️ 옐로서브마린 난바 본점</name><description><![CDATA[[피규어] 일정상 10/13(화) · 닛폰바시·오타로드<br>이치방쿠지 경품을 낱개 중고로 찾을 때<br>🕒 평일 12:00~20:00 / 토·일·공휴일 11:00~20:00 (매입 마감 19…<br>쉬는 날: 여행 중 쉬는 날 없음(확인된 범위)<br>イエローサブマリン なんば本店 · 〒556-0011 大阪府大阪市浪速区難波中2丁目1-3 川合ビル<br><a href='https://www.google.com/maps/search/?api=1&query=%E3%82%A4%E3%82%A8%E3%83%AD%E3%83%BC%E3%82%B5%E3%83%96%E3%83%9E%E3%83%AA%E3%83%B3%20%E3%81%AA%E3%82%93%E3%81%B0%E6%9C%AC%E5%BA%97%20%E3%80%92556-0011%20%E5%A4%A7%E9%98%AA%E5%BA%9C%E5%A4%A7%E9%98%AA%E5%B8%82%E6%B5%AA%E9%80%9F%E5%8C%BA%E9%9B%A3%E6%B3%A2%E4%B8%AD2%E4%B8%81%E7%9B%AE1-3%20%E5%B7%9D%E5%90%88%E3%83%93%E3%83%AB'>구글맵</a> · <a href="https://yellowsubmarine.co.jp/shop/%E3%81%AA%E3%82%93%E3%81%B0%EF%BC%93%E5%8F%B7%E5%BA%97/">공식</a>]]></description><styleUrl>#s1</styleUrl><Point><coordinates>135.50499,34.662823,0</coordinates></Point></Placemark><Placemark><name>🛍️ 정글 공상적기계관 메카스토어</name><description><![CDATA[[피규어] 일정상 10/13(화) · 닛폰바시·오타로드<br>로봇·메카 피규어와 빈티지 장난감 전문(2026년 4월 본점과 자리를 바꿈)<br>🕒 평일 12:00～20:00 / 토·일·공휴일 11:00～20:00<br>쉬는 날: 여행 중 쉬는 날 없음(확인된 범위)<br>ジャングル 空想的機械館-メカストア- · 〒556-0005 大阪府大阪市浪速区日本橋3-4-16<br><a href='https://www.google.com/maps/search/?api=1&query=%E3%82%B8%E3%83%A3%E3%83%B3%E3%82%B0%E3%83%AB%20%E7%A9%BA%E6%83%B3%E7%9A%84%E6%A9%9F%E6%A2%B0%E9%A4%A8-%E3%83%A1%E3%82%AB%E3%82%B9%E3%83%88%E3%82%A2-%20%E3%80%92556-0005%20%E5%A4%A7%E9%98%AA%E5%BA%9C%E5%A4%A7%E9%98%AA%E5%B8%82%E6%B5%AA%E9%80%9F%E5%8C%BA%E6%97%A5%E6%9C%AC%E6%A9%8B3-4-16'>구글맵</a> · <a href="https://jungle-scs.co.jp/?page_id=1203">공식</a>]]></description><styleUrl>#s1</styleUrl><Point><coordinates>135.506073,34.661739,0</coordinates></Point></Placemark><Placemark><name>🛍️ 정글 오사카 닛폰바시점</name><description><![CDATA[[중고 굿즈] 일정상 10/13(화) · 닛폰바시·오타로드<br>특촬·애니 피규어 중고+신품, 희귀품이 자주 나옴<br>🕒 평일 12:00~20:00 / 토·일·공휴일 11:00~20:00 (매입은 폐점 1…<br>쉬는 날: 여행 중 쉬는 날 없음(확인된 범위)<br>ジャングル大阪日本橋店 · 〒556-0005 大阪府大阪市浪速区日本橋3-7-5<br><a href='https://www.google.com/maps/search/?api=1&query=%E3%82%B8%E3%83%A3%E3%83%B3%E3%82%B0%E3%83%AB%E5%A4%A7%E9%98%AA%E6%97%A5%E6%9C%AC%E6%A9%8B%E5%BA%97%20%E3%80%92556-0005%20%E5%A4%A7%E9%98%AA%E5%BA%9C%E5%A4%A7%E9%98%AA%E5%B8%82%E6%B5%AA%E9%80%9F%E5%8C%BA%E6%97%A5%E6%9C%AC%E6%A9%8B3-7-5'>구글맵</a> · <a href="https://jungle-scs.co.jp/?page_id=21">공식</a>]]></description><styleUrl>#s1</styleUrl><Point><coordinates>135.505829,34.66177,0</coordinates></Point></Placemark><Placemark><name>🛍️ 조신 슈퍼키즈랜드 본점</name><description><![CDATA[[피규어] 일정상 10/13(화) · 닛폰바시·오타로드<br>신품 피규어·프라모델 정가, 1~5층<br>🕒 10:00~20:00 (월~일)<br>쉬는 날: 여행 중 쉬는 날 없음(확인된 범위)<br>ジョーシン スーパーキッズランド本店 · 〒556-0005 大阪府大阪市浪速区日本橋4-12-4<br>면세 · <a href='https://www.google.com/maps/search/?api=1&query=%E3%82%B8%E3%83%A7%E3%83%BC%E3%82%B7%E3%83%B3%20%E3%82%B9%E3%83%BC%E3%83%91%E3%83%BC%E3%82%AD%E3%83%83%E3%82%BA%E3%83%A9%E3%83%B3%E3%83%89%E6%9C%AC%E5%BA%97%20%E3%80%92556-0005%20%E5%A4%A7%E9%98%AA%E5%BA%9C%E5%A4%A7%E9%98%AA%E5%B8%82%E6%B5%AA%E9%80%9F%E5%8C%BA%E6%97%A5%E6%9C%AC%E6%A9%8B4-12-4'>구글맵</a> · <a href="https://store.joshin.co.jp/detail/1746/">공식</a>]]></description><styleUrl>#s1</styleUrl><Point><coordinates>135.505707,34.65929,0</coordinates></Point></Placemark><Placemark><name>🛍️ 코토부키야 닛폰바시-오사카</name><description><![CDATA[[피규어] 일정상 10/13(화) · 닛폰바시·오타로드<br>피규어·프라모델 메이커 코토부키야 직영점(신품). 2024년 1월 기준 1층 지브리·닌텐도·스퀘어에닉스·스타워즈·마블/DC·아이마스·원신 등 라이선스 굿즈, 2층<br>🕒 평일 12:00~20:00 / 토·일·공휴일 11:00~20:00 (2025-10-…<br>쉬는 날: 여행 중 쉬는 날 없음(확인된 범위)<br>コトブキヤ日本橋-大阪 · 〒556-0005 大阪府大阪市浪速区日本橋4-15-18 コトブキビル<br><a href='https://www.google.com/maps/search/?api=1&query=%E3%82%B3%E3%83%88%E3%83%96%E3%82%AD%E3%83%A4%E6%97%A5%E6%9C%AC%E6%A9%8B-%E5%A4%A7%E9%98%AA%20%E3%80%92556-0005%20%E5%A4%A7%E9%98%AA%E5%BA%9C%E5%A4%A7%E9%98%AA%E5%B8%82%E6%B5%AA%E9%80%9F%E5%8C%BA%E6%97%A5%E6%9C%AC%E6%A9%8B4-15-18%20%E3%82%B3%E3%83%88%E3%83%96%E3%82%AD%E3%83%93%E3%83%AB'>구글맵</a> · <a href="https://www.kotobukiya.co.jp/kotobukiya-shop/detail/4/">공식</a>]]></description><styleUrl>#s1</styleUrl><Point><coordinates>135.504959,34.660976,0</coordinates></Point></Placemark><Placemark><name>🛍️ 토레자라스 오타로드 본점</name><description><![CDATA[[중고 굿즈] 일정상 10/13(화) · 닛폰바시·오타로드<br>1~3층 중고 피규어·굿즈가 작품별로 정리. 헌터헌터 쿠지 G.I.② 판매 표시<br>🕒 11:00~20:00 (매입 접수 11:00~18:30)<br>쉬는 날: 여행 중 쉬는 날 없음(확인된 범위)<br>とれじゃらす オタロード本店 · 〒556-0005 大阪府大阪市浪速区日本橋3-6-16<br><a href='https://www.google.com/maps/search/?api=1&query=%E3%81%A8%E3%82%8C%E3%81%98%E3%82%83%E3%82%89%E3%81%99%20%E3%82%AA%E3%82%BF%E3%83%AD%E3%83%BC%E3%83%89%E6%9C%AC%E5%BA%97%20%E3%80%92556-0005%20%E5%A4%A7%E9%98%AA%E5%BA%9C%E5%A4%A7%E9%98%AA%E5%B8%82%E6%B5%AA%E9%80%9F%E5%8C%BA%E6%97%A5%E6%9C%AC%E6%A9%8B3-6-16'>구글맵</a> · <a href="http://www.torejaras.com/shop/">공식</a>]]></description><styleUrl>#s1</styleUrl><Point><coordinates>135.505066,34.66251,0</coordinates></Point></Placemark><Placemark><name>🛍️ 라신반 아베노 큐즈몰점</name><description><![CDATA[[중고 굿즈] 일정상 10/15(목) · 텐노지·아베노<br>쇼핑몰 안 매장: 캔뱃지·아크릴 스탠드 등 중고 굿즈, 피규어, 봉제인형(애니·게임·스트리머·K-POP).<br>🕒 10:00~21:00 (매입 접수 13:00~18:00)<br>쉬는 날: 여행 중 쉬는 날 없음(확인된 범위)<br>らしんばん あべのキューズモール店 · 〒545-0052 大阪府大阪市阿倍野区阿倍野筋1-6-1 あべのキューズモール 3階<br>사카모토·헌터헌터 취급 · <a href='https://www.google.com/maps/search/?api=1&query=%E3%82%89%E3%81%97%E3%82%93%E3%81%B0%E3%82%93%20%E3%81%82%E3%81%B9%E3%81%AE%E3%82%AD%E3%83%A5%E3%83%BC%E3%82%BA%E3%83%A2%E3%83%BC%E3%83%AB%E5%BA%97%20%E3%80%92545-0052%20%E5%A4%A7%E9%98%AA%E5%BA%9C%E5%A4%A7%E9%98%AA%E5%B8%82%E9%98%BF%E5%80%8D%E9%87%8E%E5%8C%BA%E9%98%BF%E5%80%8D%E9%87%8E%E7%AD%8B1-6-1%20%E3%81%82%E3%81%B9%E3%81%AE%E3%82%AD%E3%83%A5%E3%83%BC%E3%82%BA%E3%83%A2%E3%83%BC%E3%83%AB%203%E9%9A%8E'>구글맵</a> · <a href="https://www.lashinbang.com/store/187/">공식</a>]]></description><styleUrl>#s1</styleUrl><Point><coordinates>135.512772,34.646053,0</coordinates></Point></Placemark><Placemark><name>🛍️ 라신반 텐노지점</name><description><![CDATA[[중고 굿즈] 일정상 10/15(목) · 텐노지·아베노<br>텐노지 날용 — 헌터헌터 중고 피규어·쿠지 경품, 100엔 코너<br>🕒 11:00~20:00 매일 (매입 접수 11:00~18:00)<br>쉬는 날: 여행 중 쉬는 날 없음(확인된 범위)<br>らしんばん天王寺店 · 〒545-0052 大阪府大阪市阿倍野区阿倍野筋1-4-7 JMFビル阿倍野01 4階<br>면세 · 사카모토·헌터헌터 취급 · <a href='https://www.google.com/maps/search/?api=1&query=%E3%82%89%E3%81%97%E3%82%93%E3%81%B0%E3%82%93%E5%A4%A9%E7%8E%8B%E5%AF%BA%E5%BA%97%20%E3%80%92545-0052%20%E5%A4%A7%E9%98%AA%E5%BA%9C%E5%A4%A7%E9%98%AA%E5%B8%82%E9%98%BF%E5%80%8D%E9%87%8E%E5%8C%BA%E9%98%BF%E5%80%8D%E9%87%8E%E7%AD%8B1-4-7%20JMF%E3%83%93%E3%83%AB%E9%98%BF%E5%80%8D%E9%87%8E01%204%E9%9A%8E'>구글맵</a> · <a href="https://www.lashinbang.com/store/44/">공식</a>]]></description><styleUrl>#s1</styleUrl><Point><coordinates>135.512314,34.64695,0</coordinates></Point></Placemark><Placemark><name>🛍️ 라신반 오사카 우메다점</name><description><![CDATA[[중고 굿즈] 일정상 10/16(금) · 우메다·차야마치·나카자키초<br>라신반 '긴키 지역 기함점'(옛 아니메이트 우메다 자리). 피규어·아크릴 스탠드/키홀더·캔뱃지·만화·라노벨·DVD/CD·게임·K-POP 등 중고. 공식 소개에 원<br>🕒 11:00~20:00 매일 (매입 접수 11:00~18:00)<br>쉬는 날: 여행 중 쉬는 날 없음(확인된 범위)<br>らしんばん大阪梅田店 · 〒530-0015 大阪府大阪市北区中崎西2-4-12 梅田センタービル B1階<br>면세 · 사카모토·헌터헌터 취급 · <a href='https://www.google.com/maps/search/?api=1&query=%E3%82%89%E3%81%97%E3%82%93%E3%81%B0%E3%82%93%E5%A4%A7%E9%98%AA%E6%A2%85%E7%94%B0%E5%BA%97%20%E3%80%92530-0015%20%E5%A4%A7%E9%98%AA%E5%BA%9C%E5%A4%A7%E9%98%AA%E5%B8%82%E5%8C%97%E5%8C%BA%E4%B8%AD%E5%B4%8E%E8%A5%BF2-4-12%20%E6%A2%85%E7%94%B0%E3%82%BB%E3%83%B3%E3%82%BF%E3%83%BC%E3%83%93%E3%83%AB%20B1%E9%9A%8E'>구글맵</a> · <a href="https://www.lashinbang.com/store/169/">공식</a>]]></description><styleUrl>#s1</styleUrl><Point><coordinates>135.501572,34.705372,0</coordinates></Point></Placemark><Placemark><name>🛍️ 만다라케 우메다점</name><description><![CDATA[[중고 굿즈] 일정상 10/16(금) · 우메다·차야마치·나카자키초<br>2층은 매입 창구·책·빈티지·레코드·남녀 동인지·디스크, 3층은 게임·TOY·카드·코스프레(스테이지 포함). 공식 소식에 '소년(코믹/라노벨/굿즈)' 분류가 있어<br>🕒 12:00~20:00 (매입 접수 19:30까지)<br>쉬는 날: 여행 중 쉬는 날 없음(확인된 범위)<br>まんだらけ うめだ店 · 〒530-0027 大阪府大阪市北区堂山町9-28（東通商店街内、売場 2F・3F）<br>면세 · 사카모토·헌터헌터 취급 · <a href='https://www.google.com/maps/search/?api=1&query=%E3%81%BE%E3%82%93%E3%81%A0%E3%82%89%E3%81%91%20%E3%81%86%E3%82%81%E3%81%A0%E5%BA%97%20%E3%80%92530-0027%20%E5%A4%A7%E9%98%AA%E5%BA%9C%E5%A4%A7%E9%98%AA%E5%B8%82%E5%8C%97%E5%8C%BA%E5%A0%82%E5%B1%B1%E7%94%BA9-28%EF%BC%88%E6%9D%B1%E9%80%9A%E5%95%86%E5%BA%97%E8%A1%97%E5%86%85%E3%80%81%E5%A3%B2%E5%A0%B4%202F%E3%83%BB3F%EF%BC%89'>구글맵</a> · <a href="https://www.mandarake.co.jp/dir/umd/">공식</a>]]></description><styleUrl>#s1</styleUrl><Point><coordinates>135.50415,34.703194,0</coordinates></Point></Placemark><Placemark><name>🛍️ 스루가야 우메다 차야마치점</name><description><![CDATA[[중고 굿즈] 일정상 10/16(금) · 우메다·차야마치·나카자키초<br>간사이 최대 스루가야(약 100만 점) — 우메다 날<br>🕒 10:00~22:00<br>쉬는 날: 여행 중 쉬는 날 없음(확인된 범위)<br>駿河屋 梅田茶屋町店 · 〒530-0013 大阪府大阪市北区茶屋町7-20 チャスカ茶屋町 5・6階（MARUZEN＆ジュンク堂書店 梅田店 内）<br>면세 · <a href='https://www.google.com/maps/search/?api=1&query=%E9%A7%BF%E6%B2%B3%E5%B1%8B%20%E6%A2%85%E7%94%B0%E8%8C%B6%E5%B1%8B%E7%94%BA%E5%BA%97%20%E3%80%92530-0013%20%E5%A4%A7%E9%98%AA%E5%BA%9C%E5%A4%A7%E9%98%AA%E5%B8%82%E5%8C%97%E5%8C%BA%E8%8C%B6%E5%B1%8B%E7%94%BA7-20%20%E3%83%81%E3%83%A3%E3%82%B9%E3%82%AB%E8%8C%B6%E5%B1%8B%E7%94%BA%205%E3%83%BB6%E9%9A%8E%EF%BC%88MARUZEN%EF%BC%86%E3%82%B8%E3%83%A5%E3%83%B3%E3%82%AF%E5%A0%82%E6%9B%B8%E5%BA%97%20%E6%A2%85%E7%94%B0%E5%BA%97%20%E5%86%85%EF%BC%89'>구글맵</a> · <a href="https://www.suruga-ya.jp/feature/realstore/umedachaya/index.html">공식</a>]]></description><styleUrl>#s1</styleUrl><Point><coordinates>135.500336,34.707253,0</coordinates></Point></Placemark><Placemark><name>🛍️ 요도바시카메라 멀티미디어 우메다</name><description><![CDATA[[피규어] 일정상 10/16(금) · 우메다·차야마치·나카자키초<br>5층 '호비'(프라모델·피규어·철도모형·직소퍼즐)와 '장난감'(트레카·식완·가챠가챠·데이터카드다스·크레인게임 등) 매장. 신품 피규어·가챠·크레인게임을 한 층에서<br>🕒 09:30~22:00<br>쉬는 날: 여행 중 쉬는 날 없음(확인된 범위)<br>ヨドバシカメラ マルチメディア梅田 · 〒530-0011 大阪府大阪市北区大深町1-1（売場 5階）<br><a href='https://www.google.com/maps/search/?api=1&query=%E3%83%A8%E3%83%89%E3%83%90%E3%82%B7%E3%82%AB%E3%83%A1%E3%83%A9%20%E3%83%9E%E3%83%AB%E3%83%81%E3%83%A1%E3%83%87%E3%82%A3%E3%82%A2%E6%A2%85%E7%94%B0%20%E3%80%92530-0011%20%E5%A4%A7%E9%98%AA%E5%BA%9C%E5%A4%A7%E9%98%AA%E5%B8%82%E5%8C%97%E5%8C%BA%E5%A4%A7%E6%B7%B1%E7%94%BA1-1%EF%BC%88%E5%A3%B2%E5%A0%B4%205%E9%9A%8E%EF%BC%89'>구글맵</a> · <a href="https://www.yodobashi.com/ec/store/floor/0081/">공식</a>]]></description><styleUrl>#s1</styleUrl><Point><coordinates>135.497269,34.70417,0</coordinates></Point></Placemark></Folder><Folder><name>중고 옷 체인(2nd STREET 류)</name><Placemark><name>🛍️★ 북오프 플러스 난바 에비스바시점</name><description><![CDATA[[중고 체인] ★ 추천 · 일정상 10/12(월) · 난바·센니치마에<br>옷 + 피규어·트레카·이치방쿠지까지 한 번에(1,541㎡)<br>🕒 2F(책·게임·하비·트레카) 10:00～22:00 / 3F(의류·명품) 10:00～…<br>쉬는 날: 여행 중 쉬는 날 없음(확인된 범위)<br>BOOKOFF PLUS なんば戎橋店 · 〒542-0076 大阪府大阪市中央区難波1-5-16 大阪B&amp;Vビル2・3F<br>면세 · <a href='https://www.google.com/maps/search/?api=1&query=BOOKOFF%20PLUS%20%E3%81%AA%E3%82%93%E3%81%B0%E6%88%8E%E6%A9%8B%E5%BA%97%20%E3%80%92542-0076%20%E5%A4%A7%E9%98%AA%E5%BA%9C%E5%A4%A7%E9%98%AA%E5%B8%82%E4%B8%AD%E5%A4%AE%E5%8C%BA%E9%9B%A3%E6%B3%A21-5-16%20%E5%A4%A7%E9%98%AAB%26V%E3%83%93%E3%83%AB2%E3%83%BB3F'>구글맵</a> · <a href="https://www.bookoff.co.jp/shop/shop20457.html">공식</a>]]></description><styleUrl>#s2</styleUrl><Point><coordinates>135.501358,34.667805,0</coordinates></Point></Placemark><Placemark><name>🛍️★ 세컨드 스트리트 신사이바시점</name><description><![CDATA[[중고 체인] ★ 추천 · 일정상 10/12(월) · 신사이바시·아메무라·호리에<br>빈티지·리바이스가 강함(2nd STREET 공식 오사카 랭킹)<br>🕒 11:00～21:00 (매입 접수 11:00～20:30)<br>쉬는 날: 여행 중 쉬는 날 없음(확인된 범위)<br>セカンドストリート 心斎橋店 · 〒542-0085 大阪府大阪市中央区心斎橋筋2丁目3番27号<br>면세 · <a href='https://www.google.com/maps/search/?api=1&query=%E3%82%BB%E3%82%AB%E3%83%B3%E3%83%89%E3%82%B9%E3%83%88%E3%83%AA%E3%83%BC%E3%83%88%20%E5%BF%83%E6%96%8E%E6%A9%8B%E5%BA%97%20%E3%80%92542-0085%20%E5%A4%A7%E9%98%AA%E5%BA%9C%E5%A4%A7%E9%98%AA%E5%B8%82%E4%B8%AD%E5%A4%AE%E5%8C%BA%E5%BF%83%E6%96%8E%E6%A9%8B%E7%AD%8B2%E4%B8%81%E7%9B%AE3%E7%95%AA27%E5%8F%B7'>구글맵</a> · <a href="https://www.2ndstreet.jp/shop/details?shopsId=30892">공식</a>]]></description><styleUrl>#s2</styleUrl><Point><coordinates>135.501328,34.670242,0</coordinates></Point></Placemark><Placemark><name>🛍️ 랙태그 난바파크스점</name><description><![CDATA[[중고 체인] 일정상 10/12(월) · 난바·센니치마에<br>디자이너 브랜드 중고 의류·가방(약 5,000개 브랜드)<br>🕒 11:00～21:00<br>쉬는 날: 여행 중 쉬는 날 없음(확인된 범위)<br>RAGTAGなんばパークス店 · 〒556-0011 大阪府大阪市浪速区難波中2-10-70 なんばパークス4F<br><a href='https://www.google.com/maps/search/?api=1&query=RAGTAG%E3%81%AA%E3%82%93%E3%81%B0%E3%83%91%E3%83%BC%E3%82%AF%E3%82%B9%E5%BA%97%20%E3%80%92556-0011%20%E5%A4%A7%E9%98%AA%E5%BA%9C%E5%A4%A7%E9%98%AA%E5%B8%82%E6%B5%AA%E9%80%9F%E5%8C%BA%E9%9B%A3%E6%B3%A2%E4%B8%AD2-10-70%20%E3%81%AA%E3%82%93%E3%81%B0%E3%83%91%E3%83%BC%E3%82%AF%E3%82%B94F'>구글맵</a> · <a href="https://www.ragtag.jp/real-store/0000000022">공식</a>]]></description><styleUrl>#s2</styleUrl><Point><coordinates>135.501251,34.662411,0</coordinates></Point></Placemark><Placemark><name>🛍️ 랙태그 신사이바시점</name><description><![CDATA[[중고 체인] 일정상 10/12(월) · 신사이바시·아메무라·호리에<br>디자이너·럭셔리 브랜드의 중고 옷과 가방(남녀). 2023-08 리뉴얼 때 Acne Studios, sacai, HYKE, COMME des GARCONS, Ma<br>🕒 11:30～20:30 (2025-05-01 변경, 공식 사이트 기준)<br>쉬는 날: 여행 중 쉬는 날 없음(확인된 범위)<br>RAGTAG 心斎橋店 · 〒542-0085 大阪府大阪市中央区心斎橋筋1-4-29 ココテラス心斎橋1F<br><a href='https://www.google.com/maps/search/?api=1&query=RAGTAG%20%E5%BF%83%E6%96%8E%E6%A9%8B%E5%BA%97%20%E3%80%92542-0085%20%E5%A4%A7%E9%98%AA%E5%BA%9C%E5%A4%A7%E9%98%AA%E5%B8%82%E4%B8%AD%E5%A4%AE%E5%8C%BA%E5%BF%83%E6%96%8E%E6%A9%8B%E7%AD%8B1-4-29%20%E3%82%B3%E3%82%B3%E3%83%86%E3%83%A9%E3%82%B9%E5%BF%83%E6%96%8E%E6%A9%8B1F'>구글맵</a> · <a href="https://www.ragtag.jp/real-store/0000000016">공식</a>]]></description><styleUrl>#s2</styleUrl><Point><coordinates>135.501892,34.673508,0</coordinates></Point></Placemark><Placemark><name>🛍️ 북오프 오사카 난바나카점</name><description><![CDATA[[중고 체인] 일정상 10/12(월) · 난바·센니치마에<br>중고 책·만화, CD·DVD·게임, 하비(피규어·프라모델·미니카·장난감), 애니굿즈, 휴대폰. 트레카와 이치방쿠지는 판매 품목에 없다.<br>🕒 10:00～22:30<br>쉬는 날: 여행 중 쉬는 날 없음(확인된 범위)<br>BOOKOFF 大阪難波中店 · 〒556-0011 大阪府大阪市浪速区難波中3-1-15<br><a href='https://www.google.com/maps/search/?api=1&query=BOOKOFF%20%E5%A4%A7%E9%98%AA%E9%9B%A3%E6%B3%A2%E4%B8%AD%E5%BA%97%20%E3%80%92556-0011%20%E5%A4%A7%E9%98%AA%E5%BA%9C%E5%A4%A7%E9%98%AA%E5%B8%82%E6%B5%AA%E9%80%9F%E5%8C%BA%E9%9B%A3%E6%B3%A2%E4%B8%AD3-1-15'>구글맵</a> · <a href="https://www.bookoff.co.jp/shop/shop10518.html">공식</a>]]></description><styleUrl>#s2</styleUrl><Point><coordinates>135.500229,34.662846,0</coordinates></Point></Placemark><Placemark><name>🛍️ 북오프 오사카 신사이바시점</name><description><![CDATA[[중고 체인] 일정상 10/12(월) · 신사이바시·아메무라·호리에<br>중고 책·만화(신간 포함), CD·DVD·게임(신품 게임 포함), 트레카(신품 포함), 하비(피규어·프라모델 등), '이치방쿠지', 애니굿즈, 휴대폰, 디지털 가<br>🕒 10:00～22:00<br>쉬는 날: 여행 중 쉬는 날 없음(확인된 범위)<br>BOOKOFF 大阪心斎橋店 · 〒542-0081 大阪府大阪市中央区南船場3-6-21（B1F～3F）<br>면세 · <a href='https://www.google.com/maps/search/?api=1&query=BOOKOFF%20%E5%A4%A7%E9%98%AA%E5%BF%83%E6%96%8E%E6%A9%8B%E5%BA%97%20%E3%80%92542-0081%20%E5%A4%A7%E9%98%AA%E5%BA%9C%E5%A4%A7%E9%98%AA%E5%B8%82%E4%B8%AD%E5%A4%AE%E5%8C%BA%E5%8D%97%E8%88%B9%E5%A0%B43-6-21%EF%BC%88B1F%EF%BD%9E3F%EF%BC%89'>구글맵</a> · <a href="https://www.bookoff.co.jp/shop/shop20345.html">공식</a>]]></description><styleUrl>#s2</styleUrl><Point><coordinates>135.50145,34.676521,0</coordinates></Point></Placemark><Placemark><name>🛍️ 브랜드오프 신사이바시 아넥스</name><description><![CDATA[[중고 체인] 일정상 10/12(월) · 신사이바시·아메무라·호리에<br>2026-02 오픈, 명품 '의류'에 특화한 매장이다. 공식 취급 품목은 브랜드 의류, 일부 가방, 액세서리, 신발.<br>🕒 11:00～20:00<br>쉬는 날: 여행 중 쉬는 날 없음(확인된 범위)<br>BRAND OFF SHINSAIBASHI ANNEX（ブランドオフ） · 〒542-0085 大阪府大阪市中央区心斎橋筋1丁目5-31 ラ シーン ビル B1階<br>면세 · <a href='https://www.google.com/maps/search/?api=1&query=BRAND%20OFF%20SHINSAIBASHI%20ANNEX%EF%BC%88%E3%83%96%E3%83%A9%E3%83%B3%E3%83%89%E3%82%AA%E3%83%95%EF%BC%89%20%E3%80%92542-0085%20%E5%A4%A7%E9%98%AA%E5%BA%9C%E5%A4%A7%E9%98%AA%E5%B8%82%E4%B8%AD%E5%A4%AE%E5%8C%BA%E5%BF%83%E6%96%8E%E6%A9%8B%E7%AD%8B1%E4%B8%81%E7%9B%AE5-31%20%E3%83%A9%20%E3%82%B7%E3%83%BC%E3%83%B3%20%E3%83%93%E3%83%AB%20B1%E9%9A%8E'>구글맵</a> · <a href="https://kaitori.brandoff.co.jp/shop/kinki/osaka/18164">공식</a>]]></description><styleUrl>#s2</styleUrl><Point><coordinates>135.502106,34.672703,0</coordinates></Point></Placemark><Placemark><name>🛍️ 브랜드오프 신사이바시점</name><description><![CDATA[[중고 체인] 일정상 10/12(월) · 신사이바시·아메무라·호리에<br>명품 가방·소품·시계·쥬얼리(판매·매입·전당). 다이마루 신사이바시 본관과 남관 사이 길에 있다.<br>🕒 11:00～20:00<br>쉬는 날: 여행 중 쉬는 날 없음(확인된 범위)<br>BRAND OFF 心斎橋店（ブランドオフ） · 〒542-0085 大阪府大阪市中央区心斎橋筋1丁目4-12 心斎橋日光ビルB1F<br>면세 · <a href='https://www.google.com/maps/search/?api=1&query=BRAND%20OFF%20%E5%BF%83%E6%96%8E%E6%A9%8B%E5%BA%97%EF%BC%88%E3%83%96%E3%83%A9%E3%83%B3%E3%83%89%E3%82%AA%E3%83%95%EF%BC%89%20%E3%80%92542-0085%20%E5%A4%A7%E9%98%AA%E5%BA%9C%E5%A4%A7%E9%98%AA%E5%B8%82%E4%B8%AD%E5%A4%AE%E5%8C%BA%E5%BF%83%E6%96%8E%E6%A9%8B%E7%AD%8B1%E4%B8%81%E7%9B%AE4-12%20%E5%BF%83%E6%96%8E%E6%A9%8B%E6%97%A5%E5%85%89%E3%83%93%E3%83%ABB1F'>구글맵</a> · <a href="https://www.brandoff.co.jp/shop_list/shop.php?shop=010shinsaibashi">공식</a>]]></description><styleUrl>#s2</styleUrl><Point><coordinates>135.501892,34.672779,0</coordinates></Point></Placemark><Placemark><name>🛍️ 세컨드 스트리트 신사이바시 미나미점</name><description><![CDATA[[중고 체인] 일정상 10/12(월) · 신사이바시·아메무라·호리에<br>하이브랜드·Y2K, 6,000점 이상<br>🕒 11:00～21:00 (매입 접수 11:00～20:30)<br>쉬는 날: 여행 중 쉬는 날 없음(확인된 범위)<br>セカンドストリート 心斎橋南店 · 〒542-0085 大阪府大阪市中央区心斎橋筋2丁目5番3号 2F<br>면세 · <a href='https://www.google.com/maps/search/?api=1&query=%E3%82%BB%E3%82%AB%E3%83%B3%E3%83%89%E3%82%B9%E3%83%88%E3%83%AA%E3%83%BC%E3%83%88%20%E5%BF%83%E6%96%8E%E6%A9%8B%E5%8D%97%E5%BA%97%20%E3%80%92542-0085%20%E5%A4%A7%E9%98%AA%E5%BA%9C%E5%A4%A7%E9%98%AA%E5%B8%82%E4%B8%AD%E5%A4%AE%E5%8C%BA%E5%BF%83%E6%96%8E%E6%A9%8B%E7%AD%8B2%E4%B8%81%E7%9B%AE5%E7%95%AA3%E5%8F%B7%202F'>구글맵</a> · <a href="https://www.2ndstreet.jp/shop/details?shopsId=31374">공식</a>]]></description><styleUrl>#s2</styleUrl><Point><coordinates>135.501266,34.669689,0</coordinates></Point></Placemark><Placemark><name>🛍️ 세컨드 스트리트 신사이바시 주오점</name><description><![CDATA[[중고 체인] 일정상 10/12(월) · 신사이바시·아메무라·호리에<br>유즈드 셀렉트 업태로, 바이어가 고른 브랜드 중고 옷과 패션 아이템을 판다.<br>🕒 11:00～21:00 (매입 접수 11:00～20:30)<br>쉬는 날: 여행 중 쉬는 날 없음(확인된 범위)<br>セカンドストリート 心斎橋中央店 · 〒542-0085 大阪府大阪市中央区心斎橋筋2丁目8番7号 2F<br>면세 · <a href='https://www.google.com/maps/search/?api=1&query=%E3%82%BB%E3%82%AB%E3%83%B3%E3%83%89%E3%82%B9%E3%83%88%E3%83%AA%E3%83%BC%E3%83%88%20%E5%BF%83%E6%96%8E%E6%A9%8B%E4%B8%AD%E5%A4%AE%E5%BA%97%20%E3%80%92542-0085%20%E5%A4%A7%E9%98%AA%E5%BA%9C%E5%A4%A7%E9%98%AA%E5%B8%82%E4%B8%AD%E5%A4%AE%E5%8C%BA%E5%BF%83%E6%96%8E%E6%A9%8B%E7%AD%8B2%E4%B8%81%E7%9B%AE8%E7%95%AA7%E5%8F%B7%202F'>구글맵</a> · <a href="https://www.2ndstreet.jp/shop/details?shopsId=31256">공식</a>]]></description><styleUrl>#s2</styleUrl><Point><coordinates>135.501266,34.671303,0</coordinates></Point></Placemark><Placemark><name>🛍️ 오쿠라(오오쿠라) 오사카 본점</name><description><![CDATA[[중고 체인] 일정상 10/12(월) · 신사이바시·아메무라·호리에<br>GEO 그룹의 명품 시계·브랜드 가방·쥬얼리 리유스점. 2020-12 개점 당시 상시 2,000점 이상으로, 체인 최대급 매장 면적이라고 했다.<br>🕒 11:00～21:00<br>쉬는 날: 여행 중 쉬는 날 없음(확인된 범위)<br>OKURA（おお蔵） 大阪本店 · 〒542-0085 大阪府大阪市中央区心斎橋筋2丁目5番3号 1F<br><a href='https://www.google.com/maps/search/?api=1&query=OKURA%EF%BC%88%E3%81%8A%E3%81%8A%E8%94%B5%EF%BC%89%20%E5%A4%A7%E9%98%AA%E6%9C%AC%E5%BA%97%20%E3%80%92542-0085%20%E5%A4%A7%E9%98%AA%E5%BA%9C%E5%A4%A7%E9%98%AA%E5%B8%82%E4%B8%AD%E5%A4%AE%E5%8C%BA%E5%BF%83%E6%96%8E%E6%A9%8B%E7%AD%8B2%E4%B8%81%E7%9B%AE5%E7%95%AA3%E5%8F%B7%201F'>구글맵</a> · <a href="https://www.wb-ookura.com/shop/osakahonntenn/">공식</a>]]></description><styleUrl>#s2</styleUrl><Point><coordinates>135.501266,34.669689,0</coordinates></Point></Placemark><Placemark><name>🛍️ 카인드올 난바 난난점</name><description><![CDATA[[중고 체인] 일정상 10/12(월) · 난바·센니치마에<br>브랜드 중고 의류 — 지하상가라 비 오는 날 들르기 좋음<br>🕒 10:00～21:00 (매입은 20시까지)<br>쉬는 날: 여행 중 쉬는 날 없음(확인된 범위)<br>カインドオル NAMBAなんなん店 · 〒542-0076 大阪府大阪市中央区難波5丁目 なんなんタウン4号<br><a href='https://www.google.com/maps/search/?api=1&query=%E3%82%AB%E3%82%A4%E3%83%B3%E3%83%89%E3%82%AA%E3%83%AB%20NAMBA%E3%81%AA%E3%82%93%E3%81%AA%E3%82%93%E5%BA%97%20%E3%80%92542-0076%20%E5%A4%A7%E9%98%AA%E5%BA%9C%E5%A4%A7%E9%98%AA%E5%B8%82%E4%B8%AD%E5%A4%AE%E5%8C%BA%E9%9B%A3%E6%B3%A25%E4%B8%81%E7%9B%AE%20%E3%81%AA%E3%82%93%E3%81%AA%E3%82%93%E3%82%BF%E3%82%A6%E3%83%B34%E5%8F%B7'>구글맵</a> · <a href="https://shop.kind.co.jp/blogs/store/084">공식</a>]]></description><styleUrl>#s2</styleUrl><Point><coordinates>135.501404,34.664261,0</coordinates></Point></Placemark><Placemark><name>🛍️ 카인드올 난바 마루이점</name><description><![CDATA[[중고 체인] 일정상 10/12(월) · 난바·센니치마에<br>2025-03-28 오픈. 트렌디한 캐주얼, 개성 있는 한 점짜리 古着, 하이브랜드 등 500곳 이상의 브랜드를 다룬다.<br>🕒 11:00～20:00<br>쉬는 날: 여행 중 쉬는 날 없음(확인된 범위)<br>カインドオル なんばマルイ店（KINDAL） · 〒542-0076 大阪府大阪市中央区難波3-8-9 なんばマルイ4階<br>면세 · <a href='https://www.google.com/maps/search/?api=1&query=%E3%82%AB%E3%82%A4%E3%83%B3%E3%83%89%E3%82%AA%E3%83%AB%20%E3%81%AA%E3%82%93%E3%81%B0%E3%83%9E%E3%83%AB%E3%82%A4%E5%BA%97%EF%BC%88KINDAL%EF%BC%89%20%E3%80%92542-0076%20%E5%A4%A7%E9%98%AA%E5%BA%9C%E5%A4%A7%E9%98%AA%E5%B8%82%E4%B8%AD%E5%A4%AE%E5%8C%BA%E9%9B%A3%E6%B3%A23-8-9%20%E3%81%AA%E3%82%93%E3%81%B0%E3%83%9E%E3%83%AB%E3%82%A44%E9%9A%8E'>구글맵</a> · <a href="https://www.kind.co.jp/nambamarui/">공식</a>]]></description><styleUrl>#s2</styleUrl><Point><coordinates>135.501114,34.665363,0</coordinates></Point></Placemark><Placemark><name>🛍️ 카인드올 난바워크점</name><description><![CDATA[[중고 체인] 일정상 10/12(월) · 난바·센니치마에<br>브랜드 중고 의류 — 근처에 2호점도 있음<br>🕒 10:00～21:00<br>쉬는 날: 여행 중 쉬는 날 없음(확인된 범위)<br>カインドオルなんばウォーク店 · 〒542-0076 大阪府大阪市中央区難波1丁目虹のまち3-5号 なんばウォーク2番街南通り<br><a href='https://www.google.com/maps/search/?api=1&query=%E3%82%AB%E3%82%A4%E3%83%B3%E3%83%89%E3%82%AA%E3%83%AB%E3%81%AA%E3%82%93%E3%81%B0%E3%82%A6%E3%82%A9%E3%83%BC%E3%82%AF%E5%BA%97%20%E3%80%92542-0076%20%E5%A4%A7%E9%98%AA%E5%BA%9C%E5%A4%A7%E9%98%AA%E5%B8%82%E4%B8%AD%E5%A4%AE%E5%8C%BA%E9%9B%A3%E6%B3%A21%E4%B8%81%E7%9B%AE%E8%99%B9%E3%81%AE%E3%81%BE%E3%81%A13-5%E5%8F%B7%20%E3%81%AA%E3%82%93%E3%81%B0%E3%82%A6%E3%82%A9%E3%83%BC%E3%82%AF2%E7%95%AA%E8%A1%97%E5%8D%97%E9%80%9A%E3%82%8A'>구글맵</a> · <a href="https://www.kind.co.jp/information">공식</a>]]></description><styleUrl>#s2</styleUrl><Point><coordinates>135.501724,34.667603,0</coordinates></Point></Placemark><Placemark><name>🛍️ 코메효 신사이바시점</name><description><![CDATA[[중고 체인] 일정상 10/12(월) · 신사이바시·아메무라·호리에<br>명품 브랜드 중고(가방·시계·주얼리) 전문<br>🕒 11:00～20:00<br>쉬는 날: 여행 중 쉬는 날 없음(확인된 범위)<br>KOMEHYO心斎橋店 · 〒542-0085 大阪府大阪市中央区心斎橋筋1-5-31 ラ シーン ビル 1F・2F・3F<br><a href='https://www.google.com/maps/search/?api=1&query=KOMEHYO%E5%BF%83%E6%96%8E%E6%A9%8B%E5%BA%97%20%E3%80%92542-0085%20%E5%A4%A7%E9%98%AA%E5%BA%9C%E5%A4%A7%E9%98%AA%E5%B8%82%E4%B8%AD%E5%A4%AE%E5%8C%BA%E5%BF%83%E6%96%8E%E6%A9%8B%E7%AD%8B1-5-31%20%E3%83%A9%20%E3%82%B7%E3%83%BC%E3%83%B3%20%E3%83%93%E3%83%AB%201F%E3%83%BB2F%E3%83%BB3F'>구글맵</a> · <a href="https://komehyo.jp/kaitori/shop/shinsaibashi">공식</a>]]></description><styleUrl>#s2</styleUrl><Point><coordinates>135.502106,34.672703,0</coordinates></Point></Placemark><Placemark><name>🛍️ 코메효 오사카 신사이바시(플래그십)</name><description><![CDATA[[중고 체인] 일정상 10/12(월) · 신사이바시·아메무라·호리에<br>2025-06 오픈한 플래그십(방일 관광객 대상). 1~2F 판매: 에르메스·루이비통·샤넬 등 명품 가방 중심, 쥬얼리, 시계, 하이브랜드·디자이너 의류(COMM<br>🕒 11:00～20:00<br>쉬는 날: 여행 중 쉬는 날 없음(확인된 범위)<br>KOMEHYO OSAKA SHINSAIBASHI（コメ兵） · 〒542-0085 大阪府大阪市中央区心斎橋筋二丁目1番23号 1～3階<br>면세 · <a href='https://www.google.com/maps/search/?api=1&query=KOMEHYO%20OSAKA%20SHINSAIBASHI%EF%BC%88%E3%82%B3%E3%83%A1%E5%85%B5%EF%BC%89%20%E3%80%92542-0085%20%E5%A4%A7%E9%98%AA%E5%BA%9C%E5%A4%A7%E9%98%AA%E5%B8%82%E4%B8%AD%E5%A4%AE%E5%8C%BA%E5%BF%83%E6%96%8E%E6%A9%8B%E7%AD%8B%E4%BA%8C%E4%B8%81%E7%9B%AE1%E7%95%AA23%E5%8F%B7%201%EF%BD%9E3%E9%9A%8E'>구글맵</a> · <a href="https://komehyo.jp/kaitori/shop/osaka_shinsaibashi">공식</a>]]></description><styleUrl>#s2</styleUrl><Point><coordinates>135.501373,34.671722,0</coordinates></Point></Placemark><Placemark><name>🛍️ 세컨드 스트리트 니시신사이바시점</name><description><![CDATA[[중고 체인] 일정상 10/14(수) · 신사이바시·아메무라·호리에<br>오사카 2nd STREET 셀렉트형 중 가장 큼<br>🕒 11:00～20:00 (매입 접수 11:00～19:30)<br>쉬는 날: 여행 중 쉬는 날 없음(확인된 범위)<br>セカンドストリート 西心斎橋店 · 〒542-0086 大阪府大阪市中央区西心斎橋2丁目1番25号 心斎橋W-Place 2F<br>면세 · <a href='https://www.google.com/maps/search/?api=1&query=%E3%82%BB%E3%82%AB%E3%83%B3%E3%83%89%E3%82%B9%E3%83%88%E3%83%AA%E3%83%BC%E3%83%88%20%E8%A5%BF%E5%BF%83%E6%96%8E%E6%A9%8B%E5%BA%97%20%E3%80%92542-0086%20%E5%A4%A7%E9%98%AA%E5%BA%9C%E5%A4%A7%E9%98%AA%E5%B8%82%E4%B8%AD%E5%A4%AE%E5%8C%BA%E8%A5%BF%E5%BF%83%E6%96%8E%E6%A9%8B2%E4%B8%81%E7%9B%AE1%E7%95%AA25%E5%8F%B7%20%E5%BF%83%E6%96%8E%E6%A9%8BW-Place%202F'>구글맵</a> · <a href="https://www.2ndstreet.jp/shop/details?shopsId=31976">공식</a>]]></description><styleUrl>#s2</styleUrl><Point><coordinates>135.49968,34.671886,0</coordinates></Point></Placemark><Placemark><name>🛍️ 세컨드 스트리트 아메리카무라점</name><description><![CDATA[[중고 체인] 일정상 10/14(수) · 신사이바시·아메무라·호리에<br>남성 스트리트·브랜드 컨셉숍, 면세<br>🕒 11:00～20:00 (매입 접수 11:00～19:30)<br>쉬는 날: 여행 중 쉬는 날 없음(확인된 범위)<br>セカンドストリート アメリカ村店 · 〒542-0086 大阪府大阪市中央区西心斎橋2丁目18番5号<br>면세 · <a href='https://www.google.com/maps/search/?api=1&query=%E3%82%BB%E3%82%AB%E3%83%B3%E3%83%89%E3%82%B9%E3%83%88%E3%83%AA%E3%83%BC%E3%83%88%20%E3%82%A2%E3%83%A1%E3%83%AA%E3%82%AB%E6%9D%91%E5%BA%97%20%E3%80%92542-0086%20%E5%A4%A7%E9%98%AA%E5%BA%9C%E5%A4%A7%E9%98%AA%E5%B8%82%E4%B8%AD%E5%A4%AE%E5%8C%BA%E8%A5%BF%E5%BF%83%E6%96%8E%E6%A9%8B2%E4%B8%81%E7%9B%AE18%E7%95%AA5%E5%8F%B7'>구글맵</a> · <a href="https://www.2ndstreet.jp/shop/details?shopsId=31327">공식</a>]]></description><styleUrl>#s2</styleUrl><Point><coordinates>135.497742,34.672176,0</coordinates></Point></Placemark><Placemark><name>🛍️ 세컨드 스트리트 호리에점</name><description><![CDATA[[중고 체인] 일정상 10/14(수) · 신사이바시·아메무라·호리에<br>아메카지 — 호리에 빈티지 거리<br>🕒 11:00～20:00 (매입 접수 11:00～19:30)<br>쉬는 날: 여행 중 쉬는 날 없음(확인된 범위)<br>セカンドストリート 堀江店 · 〒550-0015 大阪府大阪市西区南堀江1丁目9番1号 現代オレンジビル1F<br>면세 · <a href='https://www.google.com/maps/search/?api=1&query=%E3%82%BB%E3%82%AB%E3%83%B3%E3%83%89%E3%82%B9%E3%83%88%E3%83%AA%E3%83%BC%E3%83%88%20%E5%A0%80%E6%B1%9F%E5%BA%97%20%E3%80%92550-0015%20%E5%A4%A7%E9%98%AA%E5%BA%9C%E5%A4%A7%E9%98%AA%E5%B8%82%E8%A5%BF%E5%8C%BA%E5%8D%97%E5%A0%80%E6%B1%9F1%E4%B8%81%E7%9B%AE9%E7%95%AA1%E5%8F%B7%20%E7%8F%BE%E4%BB%A3%E3%82%AA%E3%83%AC%E3%83%B3%E3%82%B8%E3%83%93%E3%83%AB1F'>구글맵</a> · <a href="https://www.2ndstreet.jp/shop/details?shopsId=31365">공식</a>]]></description><styleUrl>#s2</styleUrl><Point><coordinates>135.496323,34.671291,0</coordinates></Point></Placemark><Placemark><name>🛍️ 카인드올 미나미센바점</name><description><![CDATA[[중고 체인] 일정상 10/14(수) · 신사이바시·아메무라·호리에<br>브랜드 중고 의류(매입·판매)<br>🕒 11:00～20:00<br>쉬는 날: 여행 중 쉬는 날 없음(확인된 범위)<br>カインドオル南船場店 · 〒542-0081 大阪府大阪市中央区南船場4-13-21 片山ビル1-2F<br><a href='https://www.google.com/maps/search/?api=1&query=%E3%82%AB%E3%82%A4%E3%83%B3%E3%83%89%E3%82%AA%E3%83%AB%E5%8D%97%E8%88%B9%E5%A0%B4%E5%BA%97%20%E3%80%92542-0081%20%E5%A4%A7%E9%98%AA%E5%BA%9C%E5%A4%A7%E9%98%AA%E5%B8%82%E4%B8%AD%E5%A4%AE%E5%8C%BA%E5%8D%97%E8%88%B9%E5%A0%B44-13-21%20%E7%89%87%E5%B1%B1%E3%83%93%E3%83%AB1-2F'>구글맵</a> · <a href="https://www.kind.co.jp/minamisenba/">공식</a>]]></description><styleUrl>#s2</styleUrl><Point><coordinates>135.497925,34.675713,0</coordinates></Point></Placemark><Placemark><name>🛍️ 카인드올 신사이바시 아메리카무라점</name><description><![CDATA[[중고 체인] 일정상 10/14(수) · 신사이바시·아메무라·호리에<br>오사카 최대 카인드올, 2~4층 브랜드 중고<br>🕒 11:00～20:00<br>쉬는 날: 여행 중 쉬는 날 없음(확인된 범위)<br>カインドオル 心斎橋アメリカ村店（KINDAL） · 〒542-0086 大阪府大阪市中央区西心斎橋2丁目18-7 2～4F<br>면세 · <a href='https://www.google.com/maps/search/?api=1&query=%E3%82%AB%E3%82%A4%E3%83%B3%E3%83%89%E3%82%AA%E3%83%AB%20%E5%BF%83%E6%96%8E%E6%A9%8B%E3%82%A2%E3%83%A1%E3%83%AA%E3%82%AB%E6%9D%91%E5%BA%97%EF%BC%88KINDAL%EF%BC%89%20%E3%80%92542-0086%20%E5%A4%A7%E9%98%AA%E5%BA%9C%E5%A4%A7%E9%98%AA%E5%B8%82%E4%B8%AD%E5%A4%AE%E5%8C%BA%E8%A5%BF%E5%BF%83%E6%96%8E%E6%A9%8B2%E4%B8%81%E7%9B%AE18-7%202%EF%BD%9E4F'>구글맵</a> · <a href="https://www.kind.co.jp/amemura/">공식</a>]]></description><styleUrl>#s2</styleUrl><Point><coordinates>135.497726,34.672001,0</coordinates></Point></Placemark><Placemark><name>🛍️ 카인드올 요쓰바시 기타호리에점</name><description><![CDATA[[중고 체인] 일정상 10/14(수) · 신사이바시·아메무라·호리에<br>브랜드·디자이너즈 중고 의류(아웃도어·워크 강함)<br>🕒 11:00～20:00<br>쉬는 날: 여행 중 쉬는 날 없음(확인된 범위)<br>カインドオル四ツ橋北堀江店 · 〒550-0014 大阪府大阪市西区北堀江1-3-7 倉商本社ビル1F<br>면세 · <a href='https://www.google.com/maps/search/?api=1&query=%E3%82%AB%E3%82%A4%E3%83%B3%E3%83%89%E3%82%AA%E3%83%AB%E5%9B%9B%E3%83%84%E6%A9%8B%E5%8C%97%E5%A0%80%E6%B1%9F%E5%BA%97%20%E3%80%92550-0014%20%E5%A4%A7%E9%98%AA%E5%BA%9C%E5%A4%A7%E9%98%AA%E5%B8%82%E8%A5%BF%E5%8C%BA%E5%8C%97%E5%A0%80%E6%B1%9F1-3-7%20%E5%80%89%E5%95%86%E6%9C%AC%E7%A4%BE%E3%83%93%E3%83%AB1F'>구글맵</a> · <a href="https://www.kind.co.jp/en/yotsubashi/">공식</a>]]></description><styleUrl>#s2</styleUrl><Point><coordinates>135.49649,34.672646,0</coordinates></Point></Placemark><Placemark><name>🛍️ 카인드올 호리에점</name><description><![CDATA[[중고 체인] 일정상 10/14(수) · 신사이바시·아메무라·호리에<br>오렌지 스트리트의 대형 단층 노면 매장으로 콘셉트는 '디자이너 &amp; 럭셔리'다. 공식 소개로 Maison Margiela, COMME des GARCONS, ISS<br>🕒 11:00～20:00<br>쉬는 날: 여행 중 쉬는 날 없음(확인된 범위)<br>カインドオル 堀江店（KINDAL） · 〒550-0015 大阪府大阪市西区南堀江1丁目24-10<br>면세 · <a href='https://www.google.com/maps/search/?api=1&query=%E3%82%AB%E3%82%A4%E3%83%B3%E3%83%89%E3%82%AA%E3%83%AB%20%E5%A0%80%E6%B1%9F%E5%BA%97%EF%BC%88KINDAL%EF%BC%89%20%E3%80%92550-0015%20%E5%A4%A7%E9%98%AA%E5%BA%9C%E5%A4%A7%E9%98%AA%E5%B8%82%E8%A5%BF%E5%8C%BA%E5%8D%97%E5%A0%80%E6%B1%9F1%E4%B8%81%E7%9B%AE24-10'>구글맵</a> · <a href="https://www.kind.co.jp/horie/">공식</a>]]></description><styleUrl>#s2</styleUrl><Point><coordinates>135.493286,34.671177,0</coordinates></Point></Placemark><Placemark><name>🛍️ 트레팩 스타일 아메리카무라점</name><description><![CDATA[[중고 체인] 일정상 10/14(수) · 신사이바시·아메무라·호리에<br>미나미 최대급 3층(캐주얼·빈티지·디자이너)<br>🕒 11:00～20:00 (매입 접수 11:00～19:00)<br>쉬는 날: 여행 중 쉬는 날 없음(확인된 범위)<br>トレファクスタイル アメリカ村店 · 〒542-0086 大阪府大阪市中央区西心斎橋2-11-17 ミナト西心斎橋ビル（三角公園近く）<br>면세 · <a href='https://www.google.com/maps/search/?api=1&query=%E3%83%88%E3%83%AC%E3%83%95%E3%82%A1%E3%82%AF%E3%82%B9%E3%82%BF%E3%82%A4%E3%83%AB%20%E3%82%A2%E3%83%A1%E3%83%AA%E3%82%AB%E6%9D%91%E5%BA%97%20%E3%80%92542-0086%20%E5%A4%A7%E9%98%AA%E5%BA%9C%E5%A4%A7%E9%98%AA%E5%B8%82%E4%B8%AD%E5%A4%AE%E5%8C%BA%E8%A5%BF%E5%BF%83%E6%96%8E%E6%A9%8B2-11-17%20%E3%83%9F%E3%83%8A%E3%83%88%E8%A5%BF%E5%BF%83%E6%96%8E%E6%A9%8B%E3%83%93%E3%83%AB%EF%BC%88%E4%B8%89%E8%A7%92%E5%85%AC%E5%9C%92%E8%BF%91%E3%81%8F%EF%BC%89'>구글맵</a> · <a href="https://www.tf-style.com/shop/541/">공식</a>]]></description><styleUrl>#s2</styleUrl><Point><coordinates>135.497757,34.671543,0</coordinates></Point></Placemark><Placemark><name>🛍️ 북오프 텐노지 에키마에점</name><description><![CDATA[[중고 체인] 일정상 10/15(목) · 텐노지·아베노<br>중고 책·만화, CD·DVD·게임, 트레카(신품 포함), 하비(피규어 등), '이치방쿠지', 애니굿즈.<br>🕒 10:00～22:00<br>쉬는 날: 여행 중 쉬는 날 없음(확인된 범위)<br>BOOKOFF 天王寺駅前店 · 〒543-0055 大阪府大阪市天王寺区悲田院町9-21<br><a href='https://www.google.com/maps/search/?api=1&query=BOOKOFF%20%E5%A4%A9%E7%8E%8B%E5%AF%BA%E9%A7%85%E5%89%8D%E5%BA%97%20%E3%80%92543-0055%20%E5%A4%A7%E9%98%AA%E5%BA%9C%E5%A4%A7%E9%98%AA%E5%B8%82%E5%A4%A9%E7%8E%8B%E5%AF%BA%E5%8C%BA%E6%82%B2%E7%94%B0%E9%99%A2%E7%94%BA9-21'>구글맵</a> · <a href="https://www.bookoff.co.jp/shop/shop10597.html">공식</a>]]></description><styleUrl>#s2</styleUrl><Point><coordinates>135.514999,34.648045,0</coordinates></Point></Placemark><Placemark><name>🛍️ 코메효 아베노점</name><description><![CDATA[[중고 체인] 일정상 10/15(목) · 텐노지·아베노<br>1F 판매(쥬얼리, 롤렉스·오메가 등 시계, 명품 가방), 2F 매입. 의류는 판매 품목에 없다.<br>🕒 11:00～20:00<br>쉬는 날: 여행 중 쉬는 날 없음(확인된 범위)<br>KOMEHYO あべの店（コメ兵） · 〒545-0052 大阪府大阪市阿倍野区阿倍野筋2丁目1-28 Aフロント1・2F<br>면세 · <a href='https://www.google.com/maps/search/?api=1&query=KOMEHYO%20%E3%81%82%E3%81%B9%E3%81%AE%E5%BA%97%EF%BC%88%E3%82%B3%E3%83%A1%E5%85%B5%EF%BC%89%20%E3%80%92545-0052%20%E5%A4%A7%E9%98%AA%E5%BA%9C%E5%A4%A7%E9%98%AA%E5%B8%82%E9%98%BF%E5%80%8D%E9%87%8E%E5%8C%BA%E9%98%BF%E5%80%8D%E9%87%8E%E7%AD%8B2%E4%B8%81%E7%9B%AE1-28%20A%E3%83%95%E3%83%AD%E3%83%B3%E3%83%881%E3%83%BB2F'>구글맵</a> · <a href="https://komehyo.jp/kaitori/shop/abeno">공식</a>]]></description><styleUrl>#s2</styleUrl><Point><coordinates>135.51268,34.644596,0</coordinates></Point></Placemark><Placemark><name>🛍️ 랙태그 팝업숍(루쿠아 오사카 7층, 우메다)</name><description><![CDATA[[중고 체인] 일정상 10/16(금) · 우메다·차야마치·나카자키초<br>이전 리뉴얼까지만 여는 임시 매장이다. 매입과 온라인 상품 매장 수령이 중심이고, 인기 브랜드 중고 아이템은 일부만 골라 판다(소량).<br>🕒 10:30～20:30 (운영 기간 2026-08-03～10-25)<br>쉬는 날: 여행 중 쉬는 날 없음(확인된 범위)<br>ラグタグ ポップアップショップ（ルクア大阪 ルクア7F） · 〒530-8558 大阪府大阪市北区梅田3-1-3 ルクア 7F アトリウム側 エスカレーター横<br><a href='https://www.google.com/maps/search/?api=1&query=%E3%83%A9%E3%82%B0%E3%82%BF%E3%82%B0%20%E3%83%9D%E3%83%83%E3%83%97%E3%82%A2%E3%83%83%E3%83%97%E3%82%B7%E3%83%A7%E3%83%83%E3%83%97%EF%BC%88%E3%83%AB%E3%82%AF%E3%82%A2%E5%A4%A7%E9%98%AA%20%E3%83%AB%E3%82%AF%E3%82%A27F%EF%BC%89%20%E3%80%92530-8558%20%E5%A4%A7%E9%98%AA%E5%BA%9C%E5%A4%A7%E9%98%AA%E5%B8%82%E5%8C%97%E5%8C%BA%E6%A2%85%E7%94%B03-1-3%20%E3%83%AB%E3%82%AF%E3%82%A2%207F%20%E3%82%A2%E3%83%88%E3%83%AA%E3%82%A6%E3%83%A0%E5%81%B4%20%E3%82%A8%E3%82%B9%E3%82%AB%E3%83%AC%E3%83%BC%E3%82%BF%E3%83%BC%E6%A8%AA'>구글맵</a> · <a href="https://www.lucua.jp/topics/p-1901285.html">공식</a>]]></description><styleUrl>#s2</styleUrl><Point><coordinates>135.496338,34.701881,0</coordinates></Point></Placemark><Placemark><name>🛍️ 브랜드오프 오사카 우메다점</name><description><![CDATA[[중고 체인] 일정상 10/16(금) · 우메다·차야마치·나카자키초<br>명품 가방·액세서리·시계·쥬얼리·의류·신발(판매·매입·전당). 2024-10-04 오픈.<br>🕒 11:00～20:00<br>쉬는 날: 여행 중 쉬는 날 없음(확인된 범위)<br>BRAND OFF 大阪梅田店（ブランドオフ） · 〒530-0012 大阪府大阪市北区芝田2丁目2-5<br>면세 · <a href='https://www.google.com/maps/search/?api=1&query=BRAND%20OFF%20%E5%A4%A7%E9%98%AA%E6%A2%85%E7%94%B0%E5%BA%97%EF%BC%88%E3%83%96%E3%83%A9%E3%83%B3%E3%83%89%E3%82%AA%E3%83%95%EF%BC%89%20%E3%80%92530-0012%20%E5%A4%A7%E9%98%AA%E5%BA%9C%E5%A4%A7%E9%98%AA%E5%B8%82%E5%8C%97%E5%8C%BA%E8%8A%9D%E7%94%B02%E4%B8%81%E7%9B%AE2-5'>구글맵</a> · <a href="https://www.brandoff.co.jp/shop_list/shop.php?shop=909_osakaumeda">공식</a>]]></description><styleUrl>#s2</styleUrl><Point><coordinates>135.495987,34.705212,0</coordinates></Point></Placemark><Placemark><name>🛍️ 세컨드 스트리트 어반테라스 차야마치 우메다점(플래그십)</name><description><![CDATA[[중고 체인] 일정상 10/16(금) · 우메다·차야마치·나카자키초<br>공식 매장 목록에 'FLAGSHIP SHOP'으로 표시된 유즈드 셀렉트 매장(면세). 2026-06-26 리뉴얼 오픈 후, 엄선한 브랜드 중고 옷 중심의 세련된 <br>🕒 11:00～21:00 (매입 접수 11:00～20:30)<br>쉬는 날: 여행 중 쉬는 날 없음(확인된 범위)<br>セカンドストリート アーバンテラス茶屋町梅田店 · 〒530-0013 大阪府大阪市北区茶屋町15番22号 アーバンテラス茶屋町B棟2F<br>면세 · <a href='https://www.google.com/maps/search/?api=1&query=%E3%82%BB%E3%82%AB%E3%83%B3%E3%83%89%E3%82%B9%E3%83%88%E3%83%AA%E3%83%BC%E3%83%88%20%E3%82%A2%E3%83%BC%E3%83%90%E3%83%B3%E3%83%86%E3%83%A9%E3%82%B9%E8%8C%B6%E5%B1%8B%E7%94%BA%E6%A2%85%E7%94%B0%E5%BA%97%20%E3%80%92530-0013%20%E5%A4%A7%E9%98%AA%E5%BA%9C%E5%A4%A7%E9%98%AA%E5%B8%82%E5%8C%97%E5%8C%BA%E8%8C%B6%E5%B1%8B%E7%94%BA15%E7%95%AA22%E5%8F%B7%20%E3%82%A2%E3%83%BC%E3%83%90%E3%83%B3%E3%83%86%E3%83%A9%E3%82%B9%E8%8C%B6%E5%B1%8B%E7%94%BAB%E6%A3%9F2F'>구글맵</a> · <a href="https://www.2ndstreet.jp/shop/details?shopsId=31109">공식</a>]]></description><styleUrl>#s2</styleUrl><Point><coordinates>135.498306,34.707943,0</coordinates></Point></Placemark><Placemark><name>🛍️ 세컨드 스트리트 우메다점</name><description><![CDATA[[중고 체인] 일정상 10/16(금) · 우메다·차야마치·나카자키초<br>하이브랜드는 여기(공식 추천), Nike·Supreme — 우메다 날<br>🕒 11:00～21:00 (매입 접수 11:00～20:30)<br>쉬는 날: 여행 중 쉬는 날 없음(확인된 범위)<br>セカンドストリート 梅田店 · 〒530-0013 大阪府大阪市北区茶屋町15番31号 茶屋町クリスタル1F A区画<br>면세 · <a href='https://www.google.com/maps/search/?api=1&query=%E3%82%BB%E3%82%AB%E3%83%B3%E3%83%89%E3%82%B9%E3%83%88%E3%83%AA%E3%83%BC%E3%83%88%20%E6%A2%85%E7%94%B0%E5%BA%97%20%E3%80%92530-0013%20%E5%A4%A7%E9%98%AA%E5%BA%9C%E5%A4%A7%E9%98%AA%E5%B8%82%E5%8C%97%E5%8C%BA%E8%8C%B6%E5%B1%8B%E7%94%BA15%E7%95%AA31%E5%8F%B7%20%E8%8C%B6%E5%B1%8B%E7%94%BA%E3%82%AF%E3%83%AA%E3%82%B9%E3%82%BF%E3%83%AB1F%20A%E5%8C%BA%E7%94%BB'>구글맵</a> · <a href="https://www.2ndstreet.jp/shop/details?shopsId=31382">공식</a>]]></description><styleUrl>#s2</styleUrl><Point><coordinates>135.499268,34.708103,0</coordinates></Point></Placemark><Placemark><name>🛍️ 세컨드 스트리트 텐로쿠점</name><description><![CDATA[[중고 체인] 일정상 10/16(금) · 우메다·차야마치·나카자키초<br>'어패럴 리유스' 업태(면세)로, 옷과 소품 중심이다. 공식 오사카 랭킹에서 남성 아메카지·빈티지 부문 3위.<br>🕒 11:00～22:00 (매입 접수 11:00～21:30)<br>쉬는 날: 여행 중 쉬는 날 없음(확인된 범위)<br>セカンドストリート 天六店 · 〒531-0064 大阪府大阪市北区国分寺2丁目1番1号<br>면세 · <a href='https://www.google.com/maps/search/?api=1&query=%E3%82%BB%E3%82%AB%E3%83%B3%E3%83%89%E3%82%B9%E3%83%88%E3%83%AA%E3%83%BC%E3%83%88%20%E5%A4%A9%E5%85%AD%E5%BA%97%20%E3%80%92531-0064%20%E5%A4%A7%E9%98%AA%E5%BA%9C%E5%A4%A7%E9%98%AA%E5%B8%82%E5%8C%97%E5%8C%BA%E5%9B%BD%E5%88%86%E5%AF%BA2%E4%B8%81%E7%9B%AE1%E7%95%AA1%E5%8F%B7'>구글맵</a> · <a href="https://www.2ndstreet.jp/shop/details?shopsId=30823">공식</a>]]></description><styleUrl>#s2</styleUrl><Point><coordinates>135.513046,34.710365,0</coordinates></Point></Placemark><Placemark><name>🛍️ 카인드올 우메다점</name><description><![CDATA[[중고 체인] 일정상 10/16(금) · 우메다·차야마치·나카자키초<br>남녀 디자이너·럭셔리 중고 옷. 매입 강화 브랜드는 LOEWE, CELINE, DIOR, Maison Margiela, MARNI, HUMAN MADE, saca<br>🕒 11:00～20:00<br>쉬는 날: 여행 중 쉬는 날 없음(확인된 범위)<br>カインドオル 梅田店（KINDAL） · 〒530-0013 大阪府大阪市北区茶屋町15-8 茶屋町ビル1F 101号室<br>면세 · <a href='https://www.google.com/maps/search/?api=1&query=%E3%82%AB%E3%82%A4%E3%83%B3%E3%83%89%E3%82%AA%E3%83%AB%20%E6%A2%85%E7%94%B0%E5%BA%97%EF%BC%88KINDAL%EF%BC%89%20%E3%80%92530-0013%20%E5%A4%A7%E9%98%AA%E5%BA%9C%E5%A4%A7%E9%98%AA%E5%B8%82%E5%8C%97%E5%8C%BA%E8%8C%B6%E5%B1%8B%E7%94%BA15-8%20%E8%8C%B6%E5%B1%8B%E7%94%BA%E3%83%93%E3%83%AB1F%20101%E5%8F%B7%E5%AE%A4'>구글맵</a> · <a href="https://www.kind.co.jp/umeda/">공식</a>]]></description><styleUrl>#s2</styleUrl><Point><coordinates>135.498978,34.707573,0</coordinates></Point></Placemark><Placemark><name>🛍️ 코메효 우메다점</name><description><![CDATA[[중고 체인] 일정상 10/16(금) · 우메다·차야마치·나카자키초<br>1F 쥬얼리·시계·필기구·명품 가방, 2F 명품 가방과 의류, 3F 매입. 개점 당시 서일본 최대급 플래그십으로 보도됐다.<br>🕒 11:00～20:00<br>쉬는 날: 여행 중 쉬는 날 없음(확인된 범위)<br>KOMEHYO 梅田店（コメ兵） · 〒530-0012 大阪府大阪市北区芝田2丁目2-1 OSAKA UK・GATE 1F～3F<br>면세 · <a href='https://www.google.com/maps/search/?api=1&query=KOMEHYO%20%E6%A2%85%E7%94%B0%E5%BA%97%EF%BC%88%E3%82%B3%E3%83%A1%E5%85%B5%EF%BC%89%20%E3%80%92530-0012%20%E5%A4%A7%E9%98%AA%E5%BA%9C%E5%A4%A7%E9%98%AA%E5%B8%82%E5%8C%97%E5%8C%BA%E8%8A%9D%E7%94%B02%E4%B8%81%E7%9B%AE2-1%20OSAKA%20UK%E3%83%BBGATE%201F%EF%BD%9E3F'>구글맵</a> · <a href="https://komehyo.jp/kaitori/shop/umeda">공식</a>]]></description><styleUrl>#s2</styleUrl><Point><coordinates>135.496368,34.705235,0</coordinates></Point></Placemark></Folder><Folder><name>빈티지 옷</name><Placemark><name>🛍️★ 킨지 빅스텝점</name><description><![CDATA[[빈티지] ★ 추천 · 일정상 10/14(수) · 신사이바시·아메무라·호리에<br>약 300평 — 싸게 대량으로 훑기 좋음<br>🕒 11:00〜20:00（買取受付 12:00〜18:45）<br>쉬는 날: 여행 중 쉬는 날 없음(확인된 범위)<br>KINJI BIGSTEP店 · 〒542-0086 大阪府大阪市中央区西心斎橋1丁目6番14号 BIGSTEP 2F<br><a href='https://www.google.com/maps/search/?api=1&query=KINJI%20BIGSTEP%E5%BA%97%20%E3%80%92542-0086%20%E5%A4%A7%E9%98%AA%E5%BA%9C%E5%A4%A7%E9%98%AA%E5%B8%82%E4%B8%AD%E5%A4%AE%E5%8C%BA%E8%A5%BF%E5%BF%83%E6%96%8E%E6%A9%8B1%E4%B8%81%E7%9B%AE6%E7%95%AA14%E5%8F%B7%20BIGSTEP%202F'>구글맵</a> · <a href="https://kinji.jp/kinji_bigstep.html">공식</a>]]></description><styleUrl>#s3</styleUrl><Point><coordinates>135.498718,34.671967,0</coordinates></Point></Placemark><Placemark><name>🛍️★ 후루기야 잼(JAM) 아메리카무라점</name><description><![CDATA[[빈티지] ★ 추천 · 일정상 10/14(수) · 신사이바시·아메무라·호리에<br>110평·8,000점, 80~90년대 스트리트·밀리터리<br>🕒 11:00〜20:00<br>쉬는 날: 여행 중 쉬는 날 없음(확인된 범위)<br>古着屋JAM VINTAGE&amp;SELECT アメリカ村店 · 〒542-0086 大阪府大阪市中央区西心斎橋2-9-28 ビッグステップサウスM1<br>사카모토·헌터헌터 취급 · <a href='https://www.google.com/maps/search/?api=1&query=%E5%8F%A4%E7%9D%80%E5%B1%8BJAM%20VINTAGE%26SELECT%20%E3%82%A2%E3%83%A1%E3%83%AA%E3%82%AB%E6%9D%91%E5%BA%97%20%E3%80%92542-0086%20%E5%A4%A7%E9%98%AA%E5%BA%9C%E5%A4%A7%E9%98%AA%E5%B8%82%E4%B8%AD%E5%A4%AE%E5%8C%BA%E8%A5%BF%E5%BF%83%E6%96%8E%E6%A9%8B2-9-28%20%E3%83%93%E3%83%83%E3%82%B0%E3%82%B9%E3%83%86%E3%83%83%E3%83%97%E3%82%B5%E3%82%A6%E3%82%B9M1'>구글맵</a> · <a href="https://jamtrading.jp/f/shop-list/shop-05">공식</a>]]></description><styleUrl>#s3</styleUrl><Point><coordinates>135.498245,34.671062,0</coordinates></Point></Placemark><Placemark><name>🛍️ 무인 후루기야 스토피 난바점</name><description><![CDATA[[빈티지] 일정상 10/12(월) · 난바·센니치마에<br>JAM이 운영하는 24시간 무인 古着점. 셀프 계산(현금·카드·PayPay·교통계 IC 등), 약 12평·약 1,500점, 1,000~3,000엔 전후 맨즈 중심<br>🕒 24時間365日<br>쉬는 날: 여행 중 쉬는 날 없음(확인된 범위)<br>無人古着屋 STOPY なんば店 · 〒556-0016 大阪府大阪市浪速区元町1-7-21 パークアレイ難波1階<br><a href='https://www.google.com/maps/search/?api=1&query=%E7%84%A1%E4%BA%BA%E5%8F%A4%E7%9D%80%E5%B1%8B%20STOPY%20%E3%81%AA%E3%82%93%E3%81%B0%E5%BA%97%20%E3%80%92556-0016%20%E5%A4%A7%E9%98%AA%E5%BA%9C%E5%A4%A7%E9%98%AA%E5%B8%82%E6%B5%AA%E9%80%9F%E5%8C%BA%E5%85%83%E7%94%BA1-7-21%20%E3%83%91%E3%83%BC%E3%82%AF%E3%82%A2%E3%83%AC%E3%82%A4%E9%9B%A3%E6%B3%A21%E9%9A%8E'>구글맵</a> · <a href="https://jamtrading.jp/f/shop-list/shop-29">공식</a>]]></description><styleUrl>#s3</styleUrl><Point><coordinates>135.495575,34.664284,0</coordinates></Point></Placemark><Placemark><name>🛍️ 그리즐리 아메무라점</name><description><![CDATA[[빈티지] 일정상 10/14(수) · 신사이바시·아메무라·호리에<br>2,000엔~ 저가대. 리바이스·밴드T·랄프로렌·나이키·adidas 등 스트리트 레귤러, 여성 블라우스·원피스도. 아메무라에 계열점 다수(2·3·4호점, 2ND <br>🕒 12:00〜19:30(2026 가이드) ※다른 가이드는 12:00〜20:00頃<br>쉬는 날: 여행 중 쉬는 날 없음(확인된 범위)<br>古着屋GRIZZLY アメ村店 · 大阪府大阪市中央区西心斎橋2丁目1-24 プレビュービル1F（公式表記）<br><a href='https://www.google.com/maps/search/?api=1&query=%E5%8F%A4%E7%9D%80%E5%B1%8BGRIZZLY%20%E3%82%A2%E3%83%A1%E6%9D%91%E5%BA%97%20%E5%A4%A7%E9%98%AA%E5%BA%9C%E5%A4%A7%E9%98%AA%E5%B8%82%E4%B8%AD%E5%A4%AE%E5%8C%BA%E8%A5%BF%E5%BF%83%E6%96%8E%E6%A9%8B2%E4%B8%81%E7%9B%AE1-24%20%E3%83%97%E3%83%AC%E3%83%93%E3%83%A5%E3%83%BC%E3%83%93%E3%83%AB1F%EF%BC%88%E5%85%AC%E5%BC%8F%E8%A1%A8%E8%A8%98%EF%BC%89'>구글맵</a> · <a href="https://www.instagram.com/grizzly_amemura/">공식</a>]]></description><styleUrl>#s3</styleUrl><Point><coordinates>135.499573,34.671886,0</coordinates></Point></Placemark><Placemark><name>🛍️ 냇츠 빈티지 디그 스토어</name><description><![CDATA[[빈티지] 일정상 10/14(수) · 신사이바시·아메무라·호리에<br>300㎡ 디깅 매장, 1,000엔부터<br>🕒 13:00〜19:00(공식 인스타·2주년 기사)<br>쉬는 날: 여행 중 쉬는 날 없음(확인된 범위)<br>NATS VINTAGE DIG STORE · 〒542-0081 大阪府大阪市中央区南船場4丁目10-28 1F<br><a href='https://www.google.com/maps/search/?api=1&query=NATS%20VINTAGE%20DIG%20STORE%20%E3%80%92542-0081%20%E5%A4%A7%E9%98%AA%E5%BA%9C%E5%A4%A7%E9%98%AA%E5%B8%82%E4%B8%AD%E5%A4%AE%E5%8C%BA%E5%8D%97%E8%88%B9%E5%A0%B44%E4%B8%81%E7%9B%AE10-28%201F'>구글맵</a> · <a href="https://www.instagram.com/nats_vtgdigstore/">공식</a>]]></description><styleUrl>#s3</styleUrl><Point><coordinates>135.498672,34.677559,0</coordinates></Point></Placemark><Placemark><name>🛍️ 너티</name><description><![CDATA[[빈티지] 일정상 10/14(수) · 신사이바시·아메무라·호리에<br>1940~60년대 남녀 빈티지 의류, 모자·신발·액세서리·주얼리, 홈데코·키친웨어. 1995년 아메무라 'GIANT STEPS'로 시작한 노포.<br>🕒 公式サイト: OPEN DAILY 12-20。公式会社概要/オンラインストア系では平日12…<br>쉬는 날: 여행 중 쉬는 날 없음(확인된 범위)<br>NUTTY · 〒550-0015 大阪府大阪市西区南堀江1-24-1 澤井ビル2F<br><a href='https://www.google.com/maps/search/?api=1&query=NUTTY%20%E3%80%92550-0015%20%E5%A4%A7%E9%98%AA%E5%BA%9C%E5%A4%A7%E9%98%AA%E5%B8%82%E8%A5%BF%E5%8C%BA%E5%8D%97%E5%A0%80%E6%B1%9F1-24-1%20%E6%BE%A4%E4%BA%95%E3%83%93%E3%83%AB2F'>구글맵</a> · <a href="https://nutty-vintage.com/">공식</a>]]></description><styleUrl>#s3</styleUrl><Point><coordinates>135.493622,34.671799,0</coordinates></Point></Placemark><Placemark><name>🛍️ 로에코 바이 잼 신사이바시점(구 아메무라 2호점)</name><description><![CDATA[[빈티지] 일정상 10/14(수) · 신사이바시·아메무라·호리에<br>저가 미국 古着(JAM 저가 라인). 2023-07-27 오픈, 오픈 당시 3,700점 이상. 노면 1층이라 밖에서 진열이 보여 들어가기 쉬움.<br>🕒 11:00〜20:00<br>쉬는 날: 여행 중 쉬는 날 없음(확인된 범위)<br>LOWECO by JAM 心斎橋店（旧 アメリカ村2号店） · 〒542-0086 大阪府大阪市中央区西心斎橋1-8-16 中西ビル1階<br><a href='https://www.google.com/maps/search/?api=1&query=LOWECO%20by%20JAM%20%E5%BF%83%E6%96%8E%E6%A9%8B%E5%BA%97%EF%BC%88%E6%97%A7%20%E3%82%A2%E3%83%A1%E3%83%AA%E3%82%AB%E6%9D%912%E5%8F%B7%E5%BA%97%EF%BC%89%20%E3%80%92542-0086%20%E5%A4%A7%E9%98%AA%E5%BA%9C%E5%A4%A7%E9%98%AA%E5%B8%82%E4%B8%AD%E5%A4%AE%E5%8C%BA%E8%A5%BF%E5%BF%83%E6%96%8E%E6%A9%8B1-8-16%20%E4%B8%AD%E8%A5%BF%E3%83%93%E3%83%AB1%E9%9A%8E'>구글맵</a> · <a href="https://jamtrading.jp/f/shop-list/shop-28">공식</a>]]></description><styleUrl>#s3</styleUrl><Point><coordinates>135.49791,34.6731,0</coordinates></Point></Placemark><Placemark><name>🛍️ 로에코 바이 잼 아메리카무라점</name><description><![CDATA[[빈티지] 일정상 10/14(수) · 신사이바시·아메무라·호리에<br>JAM 저가 라인 500~3,000엔대 — 같은 건물<br>🕒 11:00〜20:00<br>쉬는 날: 여행 중 쉬는 날 없음(확인된 범위)<br>LOWECO by JAM アメリカ村店 · 〒542-0086 大阪府大阪市中央区西心斎橋2-9-28 ビッグステップサウス北側地下2階<br><a href='https://www.google.com/maps/search/?api=1&query=LOWECO%20by%20JAM%20%E3%82%A2%E3%83%A1%E3%83%AA%E3%82%AB%E6%9D%91%E5%BA%97%20%E3%80%92542-0086%20%E5%A4%A7%E9%98%AA%E5%BA%9C%E5%A4%A7%E9%98%AA%E5%B8%82%E4%B8%AD%E5%A4%AE%E5%8C%BA%E8%A5%BF%E5%BF%83%E6%96%8E%E6%A9%8B2-9-28%20%E3%83%93%E3%83%83%E3%82%B0%E3%82%B9%E3%83%86%E3%83%83%E3%83%97%E3%82%B5%E3%82%A6%E3%82%B9%E5%8C%97%E5%81%B4%E5%9C%B0%E4%B8%8B2%E9%9A%8E'>구글맵</a> · <a href="https://jamtrading.jp/f/shop-list/shop-15">공식</a>]]></description><styleUrl>#s3</styleUrl><Point><coordinates>135.498245,34.671062,0</coordinates></Point></Placemark><Placemark><name>🛍️ 마그네츠 빈티지 클로딩 오사카 아메리카무라점</name><description><![CDATA[[빈티지] 일정상 10/14(수) · 신사이바시·아메무라·호리에<br>'고집 있는 어른을 위한' 미국 빈티지 노포(20년 이상). 미국제 90% 이상, 밀리터리·워크·헌팅·아웃도어, 베이스볼 셔츠·T. 빈티지 가구·Fire-King<br>🕒 12:30〜19:00<br>쉬는 날: 10/13(화)<br>magnets vintage clothing 大阪アメリカ村店 · 〒542-0086 大阪府大阪市中央区西心斎橋2-12-22 朝日プラザ心斎橋103<br><a href='https://www.google.com/maps/search/?api=1&query=magnets%20vintage%20clothing%20%E5%A4%A7%E9%98%AA%E3%82%A2%E3%83%A1%E3%83%AA%E3%82%AB%E6%9D%91%E5%BA%97%20%E3%80%92542-0086%20%E5%A4%A7%E9%98%AA%E5%BA%9C%E5%A4%A7%E9%98%AA%E5%B8%82%E4%B8%AD%E5%A4%AE%E5%8C%BA%E8%A5%BF%E5%BF%83%E6%96%8E%E6%A9%8B2-12-22%20%E6%9C%9D%E6%97%A5%E3%83%97%E3%83%A9%E3%82%B6%E5%BF%83%E6%96%8E%E6%A9%8B103'>구글맵</a> · <a href="https://www.instagram.com/magnets_osaka/">공식</a>]]></description><styleUrl>#s3</styleUrl><Point><coordinates>135.497879,34.671051,0</coordinates></Point></Placemark><Placemark><name>🛍️ 믹스트 백</name><description><![CDATA[[빈티지] 일정상 10/14(수) · 신사이바시·아메무라·호리에<br>'색'과 '장난기'를 테마로 한 컬러풀·디자인 빈티지(여성 쪽 강함). 점주가 미국 직매입(2026년 봄 매입 블로그 갱신).<br>🕒 12:00〜20:00<br>쉬는 날: 여행 중 쉬는 날 없음(확인된 범위)<br>古着屋MIXED BAG（ミクストバッグ） · 〒550-0015 大阪府大阪市西区南堀江1-9-12 ノース宮田2F<br><a href='https://www.google.com/maps/search/?api=1&query=%E5%8F%A4%E7%9D%80%E5%B1%8BMIXED%20BAG%EF%BC%88%E3%83%9F%E3%82%AF%E3%82%B9%E3%83%88%E3%83%90%E3%83%83%E3%82%B0%EF%BC%89%20%E3%80%92550-0015%20%E5%A4%A7%E9%98%AA%E5%BA%9C%E5%A4%A7%E9%98%AA%E5%B8%82%E8%A5%BF%E5%8C%BA%E5%8D%97%E5%A0%80%E6%B1%9F1-9-12%20%E3%83%8E%E3%83%BC%E3%82%B9%E5%AE%AE%E7%94%B02F'>구글맵</a> · <a href="https://mixed-bag.net/map/">공식</a>]]></description><styleUrl>#s3</styleUrl><Point><coordinates>135.495697,34.671303,0</coordinates></Point></Placemark><Placemark><name>🛍️ 아사기</name><description><![CDATA[[빈티지] 일정상 10/14(수) · 신사이바시·아메무라·호리에<br>노출 콘크리트 3개 층, 층마다 계열이 바뀜. 남녀 컬러풀 古着, 해외 매입 빈티지~고급 1점물, 여성 재고 풍부.<br>🕒 12:30〜19:00<br>쉬는 날: 여행 중 쉬는 날 없음(확인된 범위)<br>ASAGI · 〒542-0086 大阪府大阪市中央区西心斎橋1-8-10 天辻鋼球ビル1〜3F<br><a href='https://www.google.com/maps/search/?api=1&query=ASAGI%20%E3%80%92542-0086%20%E5%A4%A7%E9%98%AA%E5%BA%9C%E5%A4%A7%E9%98%AA%E5%B8%82%E4%B8%AD%E5%A4%AE%E5%8C%BA%E8%A5%BF%E5%BF%83%E6%96%8E%E6%A9%8B1-8-10%20%E5%A4%A9%E8%BE%BB%E9%8B%BC%E7%90%83%E3%83%93%E3%83%AB1%E3%80%9C3F'>구글맵</a> · <a href="https://www.instagram.com/asagiusedclothing/">공식</a>]]></description><styleUrl>#s3</styleUrl><Point><coordinates>135.498108,34.672779,0</coordinates></Point></Placemark><Placemark><name>🛍️ 에이콘 바이앤셀 빈티지(미나미센바)</name><description><![CDATA[[빈티지] 일정상 10/14(수) · 신사이바시·아메무라·호리에<br>'일본 최대급 빈티지 매입 전문점'을 표방하는 서일본 대표 빈티지숍. 1930~60년대 빈티지, 밀리터리·워크·레더·스웻, 리바이스 501XX 등 빈티지 데님.<br>🕒 13:00 - 19:00<br>쉬는 날: 여행 중 쉬는 날 없음(확인된 범위)<br>ACORN Buy&amp;Sell Vintage · 〒542-0081 大阪府大阪市中央区南船場4-9-5 村上ビル1階<br><a href='https://www.google.com/maps/search/?api=1&query=ACORN%20Buy%26Sell%20Vintage%20%E3%80%92542-0081%20%E5%A4%A7%E9%98%AA%E5%BA%9C%E5%A4%A7%E9%98%AA%E5%B8%82%E4%B8%AD%E5%A4%AE%E5%8C%BA%E5%8D%97%E8%88%B9%E5%A0%B44-9-5%20%E6%9D%91%E4%B8%8A%E3%83%93%E3%83%AB1%E9%9A%8E'>구글맵</a> · <a href="https://store.acorn-vtg.com/help/about">공식</a>]]></description><styleUrl>#s3</styleUrl><Point><coordinates>135.498734,34.677639,0</coordinates></Point></Placemark><Placemark><name>🛍️ 엔도즈 아메무라점</name><description><![CDATA[[빈티지] 일정상 10/14(수) · 신사이바시·아메무라·호리에<br>아메카지·밀리터리·워크 빈티지<br>🕒 12:00～19:00<br>쉬는 날: 10/13(화)<br>en.DAWS アメ村店 · 〒542-0086 大阪府大阪市中央区西心斎橋1-9-22 1F<br><a href='https://www.google.com/maps/search/?api=1&query=en.DAWS%20%E3%82%A2%E3%83%A1%E6%9D%91%E5%BA%97%20%E3%80%92542-0086%20%E5%A4%A7%E9%98%AA%E5%BA%9C%E5%A4%A7%E9%98%AA%E5%B8%82%E4%B8%AD%E5%A4%AE%E5%8C%BA%E8%A5%BF%E5%BF%83%E6%96%8E%E6%A9%8B1-9-22%201F'>구글맵</a> · <a href="https://endaws.com/">공식</a>]]></description><styleUrl>#s3</styleUrl><Point><coordinates>135.498383,34.673183,0</coordinates></Point></Placemark><Placemark><name>🛍️ 엔도즈 호리에점</name><description><![CDATA[[빈티지] 일정상 10/14(수) · 신사이바시·아메무라·호리에<br>아메카지·밀리터리·워크 빈티지<br>🕒 평일 13:00～19:00 / 토·일·공휴일 12:00～19:00<br>쉬는 날: 10/15(목)<br>en.DAWS 堀江店 · 〒550-0015 大阪府大阪市西区南堀江1-12-2 東榮ビル203<br><a href='https://www.google.com/maps/search/?api=1&query=en.DAWS%20%E5%A0%80%E6%B1%9F%E5%BA%97%20%E3%80%92550-0015%20%E5%A4%A7%E9%98%AA%E5%BA%9C%E5%A4%A7%E9%98%AA%E5%B8%82%E8%A5%BF%E5%8C%BA%E5%8D%97%E5%A0%80%E6%B1%9F1-12-2%20%E6%9D%B1%E6%A6%AE%E3%83%93%E3%83%AB203'>구글맵</a> · <a href="https://endaws.com/">공식</a>]]></description><styleUrl>#s3</styleUrl><Point><coordinates>135.495667,34.672318,0</coordinates></Point></Placemark><Placemark><name>🛍️ 위고 빈티지 아메리카무라점</name><description><![CDATA[[빈티지] 일정상 10/14(수) · 신사이바시·아메무라·호리에<br>120평, Y2K부터 1930~70년대 빈티지까지·면세<br>🕒 12:00〜20:00<br>쉬는 날: 여행 중 쉬는 날 없음(확인된 범위)<br>WEGO VINTAGE アメリカ村店 · 〒542-0086 大阪府大阪市中央区西心斎橋1-16-8 TESLA158 B1F<br>면세 · <a href='https://www.google.com/maps/search/?api=1&query=WEGO%20VINTAGE%20%E3%82%A2%E3%83%A1%E3%83%AA%E3%82%AB%E6%9D%91%E5%BA%97%20%E3%80%92542-0086%20%E5%A4%A7%E9%98%AA%E5%BA%9C%E5%A4%A7%E9%98%AA%E5%B8%82%E4%B8%AD%E5%A4%AE%E5%8C%BA%E8%A5%BF%E5%BF%83%E6%96%8E%E6%A9%8B1-16-8%20TESLA158%20B1F'>구글맵</a> · <a href="https://wego.jp/a/shops/kinki">공식</a>]]></description><styleUrl>#s3</styleUrl><Point><coordinates>135.497833,34.673065,0</coordinates></Point></Placemark><Placemark><name>🛍️ 젯래그 오사카 아메리카무라 본점</name><description><![CDATA[[빈티지] 일정상 10/14(수) · 신사이바시·아메무라·호리에<br>미국 古着 레귤러·스트리트, 티셔츠·스웻이 특히 두꺼움. 가게 밖까지 늘어선 저가 랙과 묶음 기획.<br>🕒 11:00〜20:00<br>쉬는 날: 여행 중 쉬는 날 없음(확인된 범위)<br>JETRAG 大阪アメリカ村本店（三角公園前店） · 〒542-0086 大阪府大阪市中央区西心斎橋2-18-2 OUR HOUSEビル1F<br><a href='https://www.google.com/maps/search/?api=1&query=JETRAG%20%E5%A4%A7%E9%98%AA%E3%82%A2%E3%83%A1%E3%83%AA%E3%82%AB%E6%9D%91%E6%9C%AC%E5%BA%97%EF%BC%88%E4%B8%89%E8%A7%92%E5%85%AC%E5%9C%92%E5%89%8D%E5%BA%97%EF%BC%89%20%E3%80%92542-0086%20%E5%A4%A7%E9%98%AA%E5%BA%9C%E5%A4%A7%E9%98%AA%E5%B8%82%E4%B8%AD%E5%A4%AE%E5%8C%BA%E8%A5%BF%E5%BF%83%E6%96%8E%E6%A9%8B2-18-2%20OUR%20HOUSE%E3%83%93%E3%83%AB1F'>구글맵</a> · <a href="https://www.instagram.com/_jetrag_/">공식</a>]]></description><styleUrl>#s3</styleUrl><Point><coordinates>135.497635,34.672371,0</coordinates></Point></Placemark><Placemark><name>🛍️ 주욘사이(十四才)</name><description><![CDATA[[빈티지] 일정상 10/14(수) · 신사이바시·아메무라·호리에<br>80~90년대 일본 국내 컬처 古着·잡화(J리그 창성기·프로야구 아이템, 캐릭터물, 잡화). 미국 빈티지와 결이 다른 쇼와~헤이세이 레트로 계열.<br>🕒 13:00〜18:00<br>쉬는 날: 여행 중 쉬는 날 없음(확인된 범위) · 수요일에 쉬는 곳이 많음<br>十四才（ショウザンビル） · 〒542-0086 大阪府大阪市中央区西心斎橋2-13-13 ショウザンビル<br><a href='https://www.google.com/maps/search/?api=1&query=%E5%8D%81%E5%9B%9B%E6%89%8D%EF%BC%88%E3%82%B7%E3%83%A7%E3%82%A6%E3%82%B6%E3%83%B3%E3%83%93%E3%83%AB%EF%BC%89%20%E3%80%92542-0086%20%E5%A4%A7%E9%98%AA%E5%BA%9C%E5%A4%A7%E9%98%AA%E5%B8%82%E4%B8%AD%E5%A4%AE%E5%8C%BA%E8%A5%BF%E5%BF%83%E6%96%8E%E6%A9%8B2-13-13%20%E3%82%B7%E3%83%A7%E3%82%A6%E3%82%B6%E3%83%B3%E3%83%93%E3%83%AB'>구글맵</a> · <a href="https://www.instagram.com/jyuyonsai/">공식</a>]]></description><styleUrl>#s3</styleUrl><Point><coordinates>135.497574,34.669991,0</coordinates></Point></Placemark><Placemark><name>🛍️ 채피 웨어하우스 아메무라</name><description><![CDATA[[빈티지] 일정상 10/14(수) · 신사이바시·아메무라·호리에<br>2005년 데라다초에서 시작한 CHAPPIE(2014년 아메무라 이전) 계열. 미국·유럽 직매입 아메카지·빈티지, 가방·신발·양말까지 한 번에 코디 가능.<br>🕒 12:00-20:00（別の2026掲載では平日13:00-20:30／土日祝12:00-2…<br>쉬는 날: 여행 중 쉬는 날 없음(확인된 범위)<br>古着屋CHAPPIE（chappie wearhouse amemura） · 〒542-0086 大阪府大阪市中央区西心斎橋2丁目16-9 La Cienega Shinsaibashi 1F<br><a href='https://www.google.com/maps/search/?api=1&query=%E5%8F%A4%E7%9D%80%E5%B1%8BCHAPPIE%EF%BC%88chappie%20wearhouse%20amemura%EF%BC%89%20%E3%80%92542-0086%20%E5%A4%A7%E9%98%AA%E5%BA%9C%E5%A4%A7%E9%98%AA%E5%B8%82%E4%B8%AD%E5%A4%AE%E5%8C%BA%E8%A5%BF%E5%BF%83%E6%96%8E%E6%A9%8B2%E4%B8%81%E7%9B%AE16-9%20La%20Cienega%20Shinsaibashi%201F'>구글맵</a> · <a href="https://chappie.biz/chappie-co-ltd">공식</a>]]></description><styleUrl>#s3</styleUrl><Point><coordinates>135.497467,34.669823,0</coordinates></Point></Placemark><Placemark><name>🛍️ 초저가 古着屋 챠페루루</name><description><![CDATA[[빈티지] 일정상 10/14(수) · 신사이바시·아메무라·호리에<br>최저 380엔~ 초저가, 빈티지~브랜드 古着까지 남녀. 1주일에 진열 절반이 바뀔 만큼 회전 빠름.<br>🕒 平日 15:00-20:30／土日祝 13:30-20:30（公式Instagram中心、外…<br>쉬는 날: 10/12(월)<br>激安古着屋 chapperuru（チャッペルル） · 〒542-0086 大阪府大阪市中央区西心斎橋2丁目13-18 第二清水町ビル（층 표기 출처별 상이）<br><a href='https://www.google.com/maps/search/?api=1&query=%E6%BF%80%E5%AE%89%E5%8F%A4%E7%9D%80%E5%B1%8B%20chapperuru%EF%BC%88%E3%83%81%E3%83%A3%E3%83%83%E3%83%9A%E3%83%AB%E3%83%AB%EF%BC%89%20%E3%80%92542-0086%20%E5%A4%A7%E9%98%AA%E5%BA%9C%E5%A4%A7%E9%98%AA%E5%B8%82%E4%B8%AD%E5%A4%AE%E5%8C%BA%E8%A5%BF%E5%BF%83%E6%96%8E%E6%A9%8B2%E4%B8%81%E7%9B%AE13-18%20%E7%AC%AC%E4%BA%8C%E6%B8%85%E6%B0%B4%E7%94%BA%E3%83%93%E3%83%AB%EF%BC%88%EC%B8%B5%20%ED%91%9C%EA%B8%B0%20%EC%B6%9C%EC%B2%98%EB%B3%84%20%EC%83%81%EC%9D%B4%EF%BC%89'>구글맵</a> · <a href="https://www.instagram.com/chapperuru/">공식</a>]]></description><styleUrl>#s3</styleUrl><Point><coordinates>135.497787,34.670288,0</coordinates></Point></Placemark><Placemark><name>🛍️ 캘리코</name><description><![CDATA[[빈티지] 일정상 10/14(수) · 신사이바시·아메무라·호리에<br>아메무라 명물 CHAPPIE가 만든 여성 古着 전문점. 미국·유럽 직매입 컬러풀 여성 古着·액세서리, 주력 가격대 약 4,950~8,140엔.<br>🕒 13:00〜20:30(2026 가이드 기준)<br>쉬는 날: 여행 중 쉬는 날 없음(확인된 범위)<br>calico（キャリコ） · 大阪市西区北堀江1丁目2-22 エイチ・ツー・オー第2ビル6F（2025年にアメ村La Cienega跡地から北堀江へ移転との運営会社記載あり）<br><a href='https://www.google.com/maps/search/?api=1&query=calico%EF%BC%88%E3%82%AD%E3%83%A3%E3%83%AA%E3%82%B3%EF%BC%89%20%E5%A4%A7%E9%98%AA%E5%B8%82%E8%A5%BF%E5%8C%BA%E5%8C%97%E5%A0%80%E6%B1%9F1%E4%B8%81%E7%9B%AE2-22%20%E3%82%A8%E3%82%A4%E3%83%81%E3%83%BB%E3%83%84%E3%83%BC%E3%83%BB%E3%82%AA%E3%83%BC%E7%AC%AC2%E3%83%93%E3%83%AB6F%EF%BC%882025%E5%B9%B4%E3%81%AB%E3%82%A2%E3%83%A1%E6%9D%91La%20Cienega%E8%B7%A1%E5%9C%B0%E3%81%8B%E3%82%89%E5%8C%97%E5%A0%80%E6%B1%9F%E3%81%B8%E7%A7%BB%E8%BB%A2%E3%81%A8%E3%81%AE%E9%81%8B%E5%96%B6%E4%BC%9A%E7%A4%BE%E8%A8%98%E8%BC%89%E3%81%82%E3%82%8A%EF%BC%89'>구글맵</a> · <a href="https://www.instagram.com/calico_furugiya/">공식</a>]]></description><styleUrl>#s3</styleUrl><Point><coordinates>135.496826,34.673275,0</coordinates></Point></Placemark><Placemark><name>🛍️ 포스트 에이콘</name><description><![CDATA[[빈티지] 일정상 10/14(수) · 신사이바시·아메무라·호리에<br>ACORN 2호점. '포스트 빈티지(미들 빈티지)' 특화, 2021-07-31 오픈.<br>🕒 14:00 - 19:00<br>쉬는 날: 여행 중 쉬는 날 없음(확인된 범위)<br>POST ACORN · 〒542-0081 大阪府大阪市中央区南船場4-10-24 1F・2F<br><a href='https://www.google.com/maps/search/?api=1&query=POST%20ACORN%20%E3%80%92542-0081%20%E5%A4%A7%E9%98%AA%E5%BA%9C%E5%A4%A7%E9%98%AA%E5%B8%82%E4%B8%AD%E5%A4%AE%E5%8C%BA%E5%8D%97%E8%88%B9%E5%A0%B44-10-24%201F%E3%83%BB2F'>구글맵</a> · <a href="https://store.acorn-vtg.com/help/about">공식</a>]]></description><styleUrl>#s3</styleUrl><Point><coordinates>135.498245,34.677563,0</coordinates></Point></Placemark><Placemark><name>🛍️ 플로리다 아메리카무라점(플라밍고 계열)</name><description><![CDATA[[빈티지] 일정상 10/14(수) · 신사이바시·아메무라·호리에<br>저가·면세, 매일 21시까지<br>🕒 평일 12:00–21:00 / 토·일·공휴일 11:00–21:00<br>쉬는 날: 여행 중 쉬는 날 없음(확인된 범위)<br>フロリダ アメリカ村（古着屋FLORIDA アメリカ村店／FLAMINGOグループ） · 〒542-0086 大阪府大阪市中央区西心斎橋2-11-14 南炭屋町ビル1F<br>면세 · <a href='https://www.google.com/maps/search/?api=1&query=%E3%83%95%E3%83%AD%E3%83%AA%E3%83%80%20%E3%82%A2%E3%83%A1%E3%83%AA%E3%82%AB%E6%9D%91%EF%BC%88%E5%8F%A4%E7%9D%80%E5%B1%8BFLORIDA%20%E3%82%A2%E3%83%A1%E3%83%AA%E3%82%AB%E6%9D%91%E5%BA%97%EF%BC%8FFLAMINGO%E3%82%B0%E3%83%AB%E3%83%BC%E3%83%97%EF%BC%89%20%E3%80%92542-0086%20%E5%A4%A7%E9%98%AA%E5%BA%9C%E5%A4%A7%E9%98%AA%E5%B8%82%E4%B8%AD%E5%A4%AE%E5%8C%BA%E8%A5%BF%E5%BF%83%E6%96%8E%E6%A9%8B2-11-14%20%E5%8D%97%E7%82%AD%E5%B1%8B%E7%94%BA%E3%83%93%E3%83%AB1F'>구글맵</a> · <a href="https://www.flamingo-online.jp/f/florida_americamura">공식</a>]]></description><styleUrl>#s3</styleUrl><Point><coordinates>135.497726,34.67128,0</coordinates></Point></Placemark><Placemark><name>🛍️ 피그스티 a⇌z 스토어 아메무라점</name><description><![CDATA[[빈티지] 일정상 10/14(수) · 신사이바시·아메무라·호리에<br>'a부터 z까지 다 있는' 콘셉트, 약 40평, 20대 중반 타깃. 아메카지 정번~트렌드 레귤러, 개성 있는 1점물, 여성 古着. 미국 직수입 정기 입하.<br>🕒 평일 12:00-20:00 / 토·일·공휴일 11:00-20:00<br>쉬는 날: 여행 중 쉬는 날 없음(확인된 범위)<br>Pigsty a⇌z store アメ村店 · 〒542-0086 大阪府大阪市中央区西心斎橋1-9-16 大京心斎橋第2ビル1F<br><a href='https://www.google.com/maps/search/?api=1&query=Pigsty%20a%E2%87%8Cz%20store%20%E3%82%A2%E3%83%A1%E6%9D%91%E5%BA%97%20%E3%80%92542-0086%20%E5%A4%A7%E9%98%AA%E5%BA%9C%E5%A4%A7%E9%98%AA%E5%B8%82%E4%B8%AD%E5%A4%AE%E5%8C%BA%E8%A5%BF%E5%BF%83%E6%96%8E%E6%A9%8B1-9-16%20%E5%A4%A7%E4%BA%AC%E5%BF%83%E6%96%8E%E6%A9%8B%E7%AC%AC2%E3%83%93%E3%83%AB1F'>구글맵</a> · <a href="https://www.pigsty1999.com/shop/pigstyatozamemura/">공식</a>]]></description><styleUrl>#s3</styleUrl><Point><coordinates>135.498505,34.672775,0</coordinates></Point></Placemark><Placemark><name>🛍️ 피그스티 아메무라점</name><description><![CDATA[[빈티지] 일정상 10/14(수) · 신사이바시·아메무라·호리에<br>1930~80년대 스페셜부터 일반까지 3,000점<br>🕒 12:00–20:00 (공식). Osaka Metro 안내(2025-03 기준)에는…<br>쉬는 날: 여행 중 쉬는 날 없음(확인된 범위)<br>Pigsty アメ村店 · 〒542-0086 大阪府大阪市中央区西心斎橋1-7-14 大阪屋心斎橋西ビル3F<br><a href='https://www.google.com/maps/search/?api=1&query=Pigsty%20%E3%82%A2%E3%83%A1%E6%9D%91%E5%BA%97%20%E3%80%92542-0086%20%E5%A4%A7%E9%98%AA%E5%BA%9C%E5%A4%A7%E9%98%AA%E5%B8%82%E4%B8%AD%E5%A4%AE%E5%8C%BA%E8%A5%BF%E5%BF%83%E6%96%8E%E6%A9%8B1-7-14%20%E5%A4%A7%E9%98%AA%E5%B1%8B%E5%BF%83%E6%96%8E%E6%A9%8B%E8%A5%BF%E3%83%93%E3%83%AB3F'>구글맵</a> · <a href="https://www.pigsty1999.com/shop/amemura/">공식</a>]]></description><styleUrl>#s3</styleUrl><Point><coordinates>135.497864,34.672581,0</coordinates></Point></Placemark><Placemark><name>🛍️ 후루기야 잼 신사이바시점(구 아메무라 2호점) + 엘루루 바이 잼</name><description><![CDATA[[빈티지] 일정상 10/14(수) · 신사이바시·아메무라·호리에<br>공식 '빈티지 취급 점포'. 2022년 오픈 당시 150평·상시 약 13,000점(자사 매거진 표기는 130평·약 11,000점). 같은 층에 여성 古着 전문 E<br>🕒 11:00〜20:00（Elulu by JAM 11:00〜20:00 / 店内 JAM …<br>쉬는 날: 여행 중 쉬는 날 없음(확인된 범위)<br>古着屋JAM VINTAGE&amp;SELECT 心斎橋店（旧 アメリカ村2号店）／ Elulu by JAM 心斎橋店 · 〒542-0086 大阪府大阪市中央区西心斎橋1-10-28 心斎橋Mマンション1階<br>사카모토·헌터헌터 취급 · <a href='https://www.google.com/maps/search/?api=1&query=%E5%8F%A4%E7%9D%80%E5%B1%8BJAM%20VINTAGE%26SELECT%20%E5%BF%83%E6%96%8E%E6%A9%8B%E5%BA%97%EF%BC%88%E6%97%A7%20%E3%82%A2%E3%83%A1%E3%83%AA%E3%82%AB%E6%9D%912%E5%8F%B7%E5%BA%97%EF%BC%89%EF%BC%8F%20Elulu%20by%20JAM%20%E5%BF%83%E6%96%8E%E6%A9%8B%E5%BA%97%20%E3%80%92542-0086%20%E5%A4%A7%E9%98%AA%E5%BA%9C%E5%A4%A7%E9%98%AA%E5%B8%82%E4%B8%AD%E5%A4%AE%E5%8C%BA%E8%A5%BF%E5%BF%83%E6%96%8E%E6%A9%8B1-10-28%20%E5%BF%83%E6%96%8E%E6%A9%8BM%E3%83%9E%E3%83%B3%E3%82%B7%E3%83%A7%E3%83%B31%E9%9A%8E'>구글맵</a> · <a href="https://jamtrading.jp/f/shop-list/shop-11">공식</a>]]></description><styleUrl>#s3</styleUrl><Point><coordinates>135.497971,34.674141,0</coordinates></Point></Placemark><Placemark><name>🛍️ 후루기야 잼 호리에 오렌지스트리트점(+아델 빈티지)</name><description><![CDATA[[빈티지] 일정상 10/14(수) · 신사이바시·아메무라·호리에<br>2개 층의 대형 임포트 古着·앤티크 잡화. 2층에 여성 럭셔리·브랜드 빈티지 'ADÉL VINTAGE by JAM'.<br>🕒 11:00〜20:00（ADÉL VINTAGE by JAM も 11:00〜20:00）<br>쉬는 날: 여행 중 쉬는 날 없음(확인된 범위)<br>古着屋JAM VINTAGE&amp;SELECT 堀江オレンジストリート店（＋ADÉL VINTAGE by JAM） · 〒550-0015 大阪府大阪市西区南堀江1-19-23 前衛的ビルヂング2階・3階<br>사카모토·헌터헌터 취급 · <a href='https://www.google.com/maps/search/?api=1&query=%E5%8F%A4%E7%9D%80%E5%B1%8BJAM%20VINTAGE%26SELECT%20%E5%A0%80%E6%B1%9F%E3%82%AA%E3%83%AC%E3%83%B3%E3%82%B8%E3%82%B9%E3%83%88%E3%83%AA%E3%83%BC%E3%83%88%E5%BA%97%EF%BC%88%EF%BC%8BAD%C3%89L%20VINTAGE%20by%20JAM%EF%BC%89%20%E3%80%92550-0015%20%E5%A4%A7%E9%98%AA%E5%BA%9C%E5%A4%A7%E9%98%AA%E5%B8%82%E8%A5%BF%E5%8C%BA%E5%8D%97%E5%A0%80%E6%B1%9F1-19-23%20%E5%89%8D%E8%A1%9B%E7%9A%84%E3%83%93%E3%83%AB%E3%83%82%E3%83%B3%E3%82%B02%E9%9A%8E%E3%83%BB3%E9%9A%8E'>구글맵</a> · <a href="https://jamtrading.jp/f/shop-list/shop-04">공식</a>]]></description><styleUrl>#s3</styleUrl><Point><coordinates>135.493774,34.67107,0</coordinates></Point></Placemark><Placemark><name>🛍️ 후루기야 잼 호리에점(잼 클래식스·페이 바이 잼)</name><description><![CDATA[[빈티지] 일정상 10/14(수) · 신사이바시·아메무라·호리에<br>2025-11-08 2년 만에 재오픈(JAM 발상지 호리에). USA제·정번 아메카지와 빈티지 중심 'JAM CLASSICS' + 오사카 첫 디자이너즈 古着 'F<br>🕒 11:00〜20:00<br>쉬는 날: 여행 중 쉬는 날 없음(확인된 범위)<br>古着屋JAM VINTAGE&amp;SELECT 堀江店（JAM CLASSICS / FAY by JAM 堀江店） · 〒550-0015 大阪府大阪市西区南堀江2-4-4 EDGE南堀江2階<br><a href='https://www.google.com/maps/search/?api=1&query=%E5%8F%A4%E7%9D%80%E5%B1%8BJAM%20VINTAGE%26SELECT%20%E5%A0%80%E6%B1%9F%E5%BA%97%EF%BC%88JAM%20CLASSICS%20/%20FAY%20by%20JAM%20%E5%A0%80%E6%B1%9F%E5%BA%97%EF%BC%89%20%E3%80%92550-0015%20%E5%A4%A7%E9%98%AA%E5%BA%9C%E5%A4%A7%E9%98%AA%E5%B8%82%E8%A5%BF%E5%8C%BA%E5%8D%97%E5%A0%80%E6%B1%9F2-4-4%20EDGE%E5%8D%97%E5%A0%80%E6%B1%9F2%E9%9A%8E'>구글맵</a> · <a href="https://jamtrading.jp/f/shop-list/shop-48">공식</a>]]></description><styleUrl>#s3</styleUrl><Point><coordinates>135.492218,34.670811,0</coordinates></Point></Placemark><Placemark><name>🛍️ 후루기야 퍽스(FUGS)</name><description><![CDATA[[빈티지] 일정상 10/14(수) · 신사이바시·아메무라·호리에<br>록 밴드 티셔츠 전문(상시 약 400장), 점장이 미국 현지 매입한 60~70년대 빈티지, 90년대 US 인디록 티 등 레어 1점물.<br>🕒 平日 13:00-19:30／土日祝 12:00-19:30（別の公式系表示では20:00ま…<br>쉬는 날: 여행 중 쉬는 날 없음(확인된 범위)<br>古着屋FUGS · 〒542-0086 大阪府大阪市中央区西心斎橋2-9-5 日宝三ツ寺会館2F（建物の裏側）<br><a href='https://www.google.com/maps/search/?api=1&query=%E5%8F%A4%E7%9D%80%E5%B1%8BFUGS%20%E3%80%92542-0086%20%E5%A4%A7%E9%98%AA%E5%BA%9C%E5%A4%A7%E9%98%AA%E5%B8%82%E4%B8%AD%E5%A4%AE%E5%8C%BA%E8%A5%BF%E5%BF%83%E6%96%8E%E6%A9%8B2-9-5%20%E6%97%A5%E5%AE%9D%E4%B8%89%E3%83%84%E5%AF%BA%E4%BC%9A%E9%A4%A82F%EF%BC%88%E5%BB%BA%E7%89%A9%E3%81%AE%E8%A3%8F%E5%81%B4%EF%BC%89'>구글맵</a> · <a href="https://fugs.thebase.in/">공식</a>]]></description><styleUrl>#s3</styleUrl><Point><coordinates>135.499329,34.670647,0</coordinates></Point></Placemark><Placemark><name>🛍️ 후지 스토어 아메리카무라점</name><description><![CDATA[[빈티지] 일정상 10/14(수) · 신사이바시·아메무라·호리에<br>교토 SPINNS(휴먼포럼)의 신업태 古着屋, 2025-01-17 오픈(오사카 2호점). 트렌드 古着 + 시대·컬처별 셀렉트(밀리터리·아웃도어·스포츠·워크), 리<br>🕒 12:00 - 20:00(공식) ※오픈 당시 보도는 11:00〜20:00<br>쉬는 날: 여행 중 쉬는 날 없음(확인된 범위)<br>FUJI STORE アメリカ村店 · 〒542-0086 大阪府大阪市中央区西心斎橋2丁目18-9 リアライズ西心斎橋ビル 2F<br><a href='https://www.google.com/maps/search/?api=1&query=FUJI%20STORE%20%E3%82%A2%E3%83%A1%E3%83%AA%E3%82%AB%E6%9D%91%E5%BA%97%20%E3%80%92542-0086%20%E5%A4%A7%E9%98%AA%E5%BA%9C%E5%A4%A7%E9%98%AA%E5%B8%82%E4%B8%AD%E5%A4%AE%E5%8C%BA%E8%A5%BF%E5%BF%83%E6%96%8E%E6%A9%8B2%E4%B8%81%E7%9B%AE18-9%20%E3%83%AA%E3%82%A2%E3%83%A9%E3%82%A4%E3%82%BA%E8%A5%BF%E5%BF%83%E6%96%8E%E6%A9%8B%E3%83%93%E3%83%AB%202F'>구글맵</a> · <a href="https://fuji-store.jp/blogs/shoplist/americamura">공식</a>]]></description><styleUrl>#s3</styleUrl><Point><coordinates>135.497711,34.671822,0</coordinates></Point></Placemark><Placemark><name>🛍️ 안티컬처 아베노 큐즈몰점</name><description><![CDATA[[빈티지] 일정상 10/15(목) · 텐노지·아베노<br>2026-02-27 신규 오픈. 유럽·미국 직매입 30~90년대 남녀 빈티지 + 오리지널·임포트 웨어, 액세서리·가방·신발. 앤티크 가구·램프 인테리어.<br>🕒 10:00〜21:00<br>쉬는 날: 여행 중 쉬는 날 없음(확인된 범위)<br>ANTIQULTURE あべのキューズモール店 · 大阪府大阪市阿倍野区阿倍野筋1-6-1 あべのキューズモール 1F<br><a href='https://www.google.com/maps/search/?api=1&query=ANTIQULTURE%20%E3%81%82%E3%81%B9%E3%81%AE%E3%82%AD%E3%83%A5%E3%83%BC%E3%82%BA%E3%83%A2%E3%83%BC%E3%83%AB%E5%BA%97%20%E5%A4%A7%E9%98%AA%E5%BA%9C%E5%A4%A7%E9%98%AA%E5%B8%82%E9%98%BF%E5%80%8D%E9%87%8E%E5%8C%BA%E9%98%BF%E5%80%8D%E9%87%8E%E7%AD%8B1-6-1%20%E3%81%82%E3%81%B9%E3%81%AE%E3%82%AD%E3%83%A5%E3%83%BC%E3%82%BA%E3%83%A2%E3%83%BC%E3%83%AB%201F'>구글맵</a> · <a href="https://qs-mall.jp/abeno/shop/detail/366">공식</a>]]></description><styleUrl>#s3</styleUrl><Point><coordinates>135.512772,34.646053,0</coordinates></Point></Placemark><Placemark><name>🛍️ 톱 오브 더 힐 텐노지 미오점</name><description><![CDATA[[빈티지] 일정상 10/15(목) · 텐노지·아베노<br>60~90년대 유럽·미국 古着(빈티지·레귤러), 액세서리·가방·모자·신발이 많고 유럽풍 인테리어.<br>🕒 10:30 - 20:30<br>쉬는 날: 여행 중 쉬는 날 없음(확인된 범위)<br>Top of the Hill 天王寺MIO店 · 大阪府大阪市天王寺区悲田院町10-39 天王寺MIO本館7F<br><a href='https://www.google.com/maps/search/?api=1&query=Top%20of%20the%20Hill%20%E5%A4%A9%E7%8E%8B%E5%AF%BAMIO%E5%BA%97%20%E5%A4%A7%E9%98%AA%E5%BA%9C%E5%A4%A7%E9%98%AA%E5%B8%82%E5%A4%A9%E7%8E%8B%E5%AF%BA%E5%8C%BA%E6%82%B2%E7%94%B0%E9%99%A2%E7%94%BA10-39%20%E5%A4%A9%E7%8E%8B%E5%AF%BAMIO%E6%9C%AC%E9%A4%A87F'>구글맵</a> · <a href="https://topofthehill.jp/pages/about-us">공식</a>]]></description><styleUrl>#s3</styleUrl><Point><coordinates>135.513474,34.647064,0</coordinates></Point></Placemark><Placemark><name>🛍️ 로에코 바이 잼 HEP FIVE점</name><description><![CDATA[[빈티지] 일정상 10/16(금) · 우메다·차야마치·나카자키초<br>JAM 저가 라인, Y2K·스트리트 중심. 매주 수요일 신입고(가이드 정보).<br>🕒 11:00〜21:00（HEP FIVEに準ずる）<br>쉬는 날: 10/15(목)<br>LOWECO by JAM HEP FIVE店 · 〒530-0017 大阪府大阪市北区角田町5-15 HEP FIVE 6F<br><a href='https://www.google.com/maps/search/?api=1&query=LOWECO%20by%20JAM%20HEP%20FIVE%E5%BA%97%20%E3%80%92530-0017%20%E5%A4%A7%E9%98%AA%E5%BA%9C%E5%A4%A7%E9%98%AA%E5%B8%82%E5%8C%97%E5%8C%BA%E8%A7%92%E7%94%B0%E7%94%BA5-15%20HEP%20FIVE%206F'>구글맵</a> · <a href="https://jamtrading.jp/f/shop-list/shop-16">공식</a>]]></description><styleUrl>#s3</styleUrl><Point><coordinates>135.499634,34.703846,0</coordinates></Point></Placemark><Placemark><name>🛍️ 로에코 바이 잼 나카자키초점</name><description><![CDATA[[빈티지] 일정상 10/16(금) · 우메다·차야마치·나카자키초<br>품질 좋은 레귤러 古着를 저가로(JAM 저가 라인). 나카자키초에서 11시부터 여는 몇 안 되는 곳.<br>🕒 11:00〜20:00<br>쉬는 날: 여행 중 쉬는 날 없음(확인된 범위)<br>LOWECO by JAM 中崎町店 · 〒530-0015 大阪府大阪市北区中崎西2-4-31<br><a href='https://www.google.com/maps/search/?api=1&query=LOWECO%20by%20JAM%20%E4%B8%AD%E5%B4%8E%E7%94%BA%E5%BA%97%20%E3%80%92530-0015%20%E5%A4%A7%E9%98%AA%E5%BA%9C%E5%A4%A7%E9%98%AA%E5%B8%82%E5%8C%97%E5%8C%BA%E4%B8%AD%E5%B4%8E%E8%A5%BF2-4-31'>구글맵</a> · <a href="https://jamtrading.jp/f/shop-list/shop-14">공식</a>]]></description><styleUrl>#s3</styleUrl><Point><coordinates>135.501526,34.706932,0</coordinates></Point></Placemark><Placemark><name>🛍️ 빅 타임 우메다(NU차야마치)</name><description><![CDATA[[빈티지] 일정상 10/16(금) · 우메다·차야마치·나카자키초<br>우메다 2층 대형<br>🕒 11:00〜21:00<br>쉬는 날: 여행 중 쉬는 날 없음(확인된 범위)<br>BIG TIME 梅田（NU茶屋町） · 〒530-0013 大阪府大阪市北区茶屋町10-12 NU茶屋町1F・2F<br><a href='https://www.google.com/maps/search/?api=1&query=BIG%20TIME%20%E6%A2%85%E7%94%B0%EF%BC%88NU%E8%8C%B6%E5%B1%8B%E7%94%BA%EF%BC%89%20%E3%80%92530-0013%20%E5%A4%A7%E9%98%AA%E5%BA%9C%E5%A4%A7%E9%98%AA%E5%B8%82%E5%8C%97%E5%8C%BA%E8%8C%B6%E5%B1%8B%E7%94%BA10-12%20NU%E8%8C%B6%E5%B1%8B%E7%94%BA1F%E3%83%BB2F'>구글맵</a> · <a href="https://bigtime.jp/">공식</a>]]></description><styleUrl>#s3</styleUrl><Point><coordinates>135.499069,34.706814,0</coordinates></Point></Placemark><Placemark><name>🛍️ 올페 나카자키초점</name><description><![CDATA[[빈티지] 일정상 10/16(금) · 우메다·차야마치·나카자키초<br>대학생 3인이 창업해 화제가 된 가게. 유럽·미국 매입 디자인 古着·스트리트, 월 1회 전체 교체(AVEND), 인스타 라이브·온라인 판매.<br>🕒 月〜金 13:00 - 20:00、土日 12:00 - 20:00（公式LINE。祝日扱い…<br>쉬는 날: 여행 중 쉬는 날 없음(확인된 범위)<br>古着屋 olfe.（オルフェ）中崎町店 · 大阪府大阪市北区中崎3丁目2-8 Siete中崎町1F<br><a href='https://www.google.com/maps/search/?api=1&query=%E5%8F%A4%E7%9D%80%E5%B1%8B%20olfe.%EF%BC%88%E3%82%AA%E3%83%AB%E3%83%95%E3%82%A7%EF%BC%89%E4%B8%AD%E5%B4%8E%E7%94%BA%E5%BA%97%20%E5%A4%A7%E9%98%AA%E5%BA%9C%E5%A4%A7%E9%98%AA%E5%B8%82%E5%8C%97%E5%8C%BA%E4%B8%AD%E5%B4%8E3%E4%B8%81%E7%9B%AE2-8%20Siete%E4%B8%AD%E5%B4%8E%E7%94%BA1F'>구글맵</a> · <a href="https://www.instagram.com/olfe.vintage/">공식</a>]]></description><styleUrl>#s3</styleUrl><Point><coordinates>135.50499,34.708069,0</coordinates></Point></Placemark><Placemark><name>🛍️ 킨지 우메다 HEP FIVE점</name><description><![CDATA[[빈티지] 일정상 10/16(금) · 우메다·차야마치·나카자키초<br>KINJI 우메다점. 빈티지·임포트·리메이크·잡화(장난감·잡화까지 취급 — AVEND).<br>🕒 11:00〜21:00<br>쉬는 날: 10/15(목)<br>KINJI 梅田HEP FIVE店 · 〒530-0017 大阪府大阪市北区角田町5-15 HEP FIVE 3F<br><a href='https://www.google.com/maps/search/?api=1&query=KINJI%20%E6%A2%85%E7%94%B0HEP%20FIVE%E5%BA%97%20%E3%80%92530-0017%20%E5%A4%A7%E9%98%AA%E5%BA%9C%E5%A4%A7%E9%98%AA%E5%B8%82%E5%8C%97%E5%8C%BA%E8%A7%92%E7%94%B0%E7%94%BA5-15%20HEP%20FIVE%203F'>구글맵</a> · <a href="https://www.kinji.jp/custom14.html">공식</a>]]></description><styleUrl>#s3</styleUrl><Point><coordinates>135.499634,34.703846,0</coordinates></Point></Placemark><Placemark><name>🛍️ 톱 오브 더 힐 루쿠아 오사카</name><description><![CDATA[[빈티지] 일정상 10/16(금) · 우메다·차야마치·나카자키초<br>전국 19개점 빈티지&amp;임포트 셀렉트 체인. 50~80년대 셀렉트 중심 미국·유럽 古着, 액세서리, 자체 임포트 신품.<br>🕒 10:30 - 20:30<br>쉬는 날: 여행 중 쉬는 날 없음(확인된 범위)<br>Top of the Hill ルクア大阪 · 大阪府大阪市北区梅田3-1-3 ルクア大阪 ルクア イーレ6F<br><a href='https://www.google.com/maps/search/?api=1&query=Top%20of%20the%20Hill%20%E3%83%AB%E3%82%AF%E3%82%A2%E5%A4%A7%E9%98%AA%20%E5%A4%A7%E9%98%AA%E5%BA%9C%E5%A4%A7%E9%98%AA%E5%B8%82%E5%8C%97%E5%8C%BA%E6%A2%85%E7%94%B03-1-3%20%E3%83%AB%E3%82%AF%E3%82%A2%E5%A4%A7%E9%98%AA%20%E3%83%AB%E3%82%AF%E3%82%A2%20%E3%82%A4%E3%83%BC%E3%83%AC6F'>구글맵</a> · <a href="https://topofthehill.jp/pages/about-us">공식</a>]]></description><styleUrl>#s3</styleUrl><Point><coordinates>135.496338,34.701881,0</coordinates></Point></Placemark><Placemark><name>🛍️ 피그스티 a⇌z 스토어 나카자키초점</name><description><![CDATA[[빈티지] 일정상 10/16(금) · 우메다·차야마치·나카자키초<br>빌딩 한 동을 Pigsty가 운영 — 1F 'a⇌z'(약 50평, 70~90년대 미국 古着·밀리터리), 2F 여성 古着 전문 'vivie', 3F 이벤트 스페이스<br>🕒 12:00〜20:00<br>쉬는 날: 여행 중 쉬는 날 없음(확인된 범위)<br>Pigsty a⇌z STORE 中崎町店 · 〒530-0015 大阪府大阪市北区中崎西4-1-26 MAEDA CRAFT BLD 1F<br><a href='https://www.google.com/maps/search/?api=1&query=Pigsty%20a%E2%87%8Cz%20STORE%20%E4%B8%AD%E5%B4%8E%E7%94%BA%E5%BA%97%20%E3%80%92530-0015%20%E5%A4%A7%E9%98%AA%E5%BA%9C%E5%A4%A7%E9%98%AA%E5%B8%82%E5%8C%97%E5%8C%BA%E4%B8%AD%E5%B4%8E%E8%A5%BF4-1-26%20MAEDA%20CRAFT%20BLD%201F'>구글맵</a> · <a href="https://www.pigsty1999.com/shop/atoz/">공식</a>]]></description><styleUrl>#s3</styleUrl><Point><coordinates>135.504379,34.709217,0</coordinates></Point></Placemark><Placemark><name>🛍️ 피그스티 우메다점(나카자키초)</name><description><![CDATA[[빈티지] 일정상 10/16(금) · 우메다·차야마치·나카자키초<br>JR 고가 아래 노면점, 약 30평·높은 천장. 입구 쪽 여성 코너, 60~90년대 아메카지·빈티지, 앤티크 잡화·메시지 인형·키즈·스니커.<br>🕒 12:00〜20:00<br>쉬는 날: 여행 중 쉬는 날 없음(확인된 범위)<br>Pigsty 梅田店 · 〒530-0015 大阪府大阪市北区中崎西3-3-10<br><a href='https://www.google.com/maps/search/?api=1&query=Pigsty%20%E6%A2%85%E7%94%B0%E5%BA%97%20%E3%80%92530-0015%20%E5%A4%A7%E9%98%AA%E5%BA%9C%E5%A4%A7%E9%98%AA%E5%B8%82%E5%8C%97%E5%8C%BA%E4%B8%AD%E5%B4%8E%E8%A5%BF3-3-10'>구글맵</a> · <a href="https://www.pigsty1999.com/shop/umeda/">공식</a>]]></description><styleUrl>#s3</styleUrl><Point><coordinates>135.501572,34.707176,0</coordinates></Point></Placemark><Placemark><name>🛍️ 후루기야 잼 우메다 차야마치점</name><description><![CDATA[[빈티지] 일정상 10/16(금) · 우메다·차야마치·나카자키초<br>우메다 날 — 3층 230㎡<br>🕒 11:00〜20:00<br>쉬는 날: 여행 중 쉬는 날 없음(확인된 범위)<br>古着屋JAM VINTAGE&amp;SELECT 梅田茶屋町店 · 〒530-0013 大阪府大阪市北区茶屋町2-31<br>사카모토·헌터헌터 취급 · <a href='https://www.google.com/maps/search/?api=1&query=%E5%8F%A4%E7%9D%80%E5%B1%8BJAM%20VINTAGE%26SELECT%20%E6%A2%85%E7%94%B0%E8%8C%B6%E5%B1%8B%E7%94%BA%E5%BA%97%20%E3%80%92530-0013%20%E5%A4%A7%E9%98%AA%E5%BA%9C%E5%A4%A7%E9%98%AA%E5%B8%82%E5%8C%97%E5%8C%BA%E8%8C%B6%E5%B1%8B%E7%94%BA2-31'>구글맵</a> · <a href="https://jamtrading.jp/f/shop-list/shop-41">공식</a>]]></description><styleUrl>#s3</styleUrl><Point><coordinates>135.5,34.706192,0</coordinates></Point></Placemark></Folder><Folder><name>필름카메라</name><Placemark><name>🛍️ 카메라노나니와 신사이바시 본점</name><description><![CDATA[[필름카메라] 일정상 10/12(월) · 신사이바시·아메무라·호리에<br>중고 필름카메라·렌즈, 필름 판매·현상 접수. 옛 외국 필름카메라 진열이 많음(공식)<br>🕒 10:30~19:30<br>쉬는 날: 여행 중 쉬는 날 없음(확인된 범위)<br>カメラのナニワ 心斎橋本店 · 大阪市中央区心斎橋筋1-3-12 2F<br><a href='https://www.google.com/maps/search/?api=1&query=%E3%82%AB%E3%83%A1%E3%83%A9%E3%81%AE%E3%83%8A%E3%83%8B%E3%83%AF%20%E5%BF%83%E6%96%8E%E6%A9%8B%E6%9C%AC%E5%BA%97%20%E5%A4%A7%E9%98%AA%E5%B8%82%E4%B8%AD%E5%A4%AE%E5%8C%BA%E5%BF%83%E6%96%8E%E6%A9%8B%E7%AD%8B1-3-12%202F'>구글맵</a> · <a href="https://www.cameranonaniwa.co.jp/store/shinsaibashi/">공식</a>]]></description><styleUrl>#s4</styleUrl><Point><coordinates>135.501907,34.673569,0</coordinates></Point></Placemark><Placemark><name>🛍️ 카메라노키타무라 난바시티점</name><description><![CDATA[[필름카메라] 일정상 10/12(월) · 난바·센니치마에<br>중고 2,500점 이상, 필름·클래식 카메라 코너(공식)<br>🕒 11:00~21:00<br>쉬는 날: 여행 중 쉬는 날 없음(확인된 범위)<br>カメラのキタムラ なんばCITY店 · 大阪府大阪市中央区難波5-1-60 なんばCITY南館B1F<br><a href='https://www.google.com/maps/search/?api=1&query=%E3%82%AB%E3%83%A1%E3%83%A9%E3%81%AE%E3%82%AD%E3%82%BF%E3%83%A0%E3%83%A9%20%E3%81%AA%E3%82%93%E3%81%B0CITY%E5%BA%97%20%E5%A4%A7%E9%98%AA%E5%BA%9C%E5%A4%A7%E9%98%AA%E5%B8%82%E4%B8%AD%E5%A4%AE%E5%8C%BA%E9%9B%A3%E6%B3%A25-1-60%20%E3%81%AA%E3%82%93%E3%81%B0CITY%E5%8D%97%E9%A4%A8B1F'>구글맵</a> · <a href="https://store.kitamura.jp/kitamura/detail/4702/">공식</a>]]></description><styleUrl>#s4</styleUrl><Point><coordinates>135.501114,34.664921,0</coordinates></Point></Placemark><Placemark><name>🛍️ 토키와카메라</name><description><![CDATA[[필름카메라] 일정상 10/13(화) · 닛폰바시·오타로드<br>신품·중고 필름카메라와 촬영 기재, 수리 접수<br>🕒 평일 10:00~19:00 / 일·공휴일 10:00~18:00<br>쉬는 날: 여행 중 쉬는 날 없음(확인된 범위)<br>トキワカメラ · 大阪市中央区日本橋1-19-8<br><a href='https://www.google.com/maps/search/?api=1&query=%E3%83%88%E3%82%AD%E3%83%AF%E3%82%AB%E3%83%A1%E3%83%A9%20%E5%A4%A7%E9%98%AA%E5%B8%82%E4%B8%AD%E5%A4%AE%E5%8C%BA%E6%97%A5%E6%9C%AC%E6%A9%8B1-19-8'>구글맵</a> · <a href="https://tokiwa-camera.co.jp/pages/shop">공식</a>]]></description><styleUrl>#s4</styleUrl><Point><coordinates>135.50592,34.666294,0</coordinates></Point></Placemark><Placemark><name>🛍️ 후지이카메라 신사이바시</name><description><![CDATA[[필름카메라] 일정상 10/13(화) · 신사이바시·아메무라·호리에<br>라이카·롤라이·핫셀 등 클래식 카메라 전문. 수요일·공휴일 휴무라 10/13(화)에 — 나니와와 같은 건물<br>🕒 11:00~19:00<br>쉬는 날: 10/12(월), 10/14(수)<br>藤井カメラ（フジイカメラ 心斎橋） · 大阪市中央区心斎橋1-3-12 Trillo心斎橋2階<br><a href='https://www.google.com/maps/search/?api=1&query=%E8%97%A4%E4%BA%95%E3%82%AB%E3%83%A1%E3%83%A9%EF%BC%88%E3%83%95%E3%82%B8%E3%82%A4%E3%82%AB%E3%83%A1%E3%83%A9%20%E5%BF%83%E6%96%8E%E6%A9%8B%EF%BC%89%20%E5%A4%A7%E9%98%AA%E5%B8%82%E4%B8%AD%E5%A4%AE%E5%8C%BA%E5%BF%83%E6%96%8E%E6%A9%8B1-3-12%20Trillo%E5%BF%83%E6%96%8E%E6%A9%8B2%E9%9A%8E'>구글맵</a> · <a href="https://www.fujiicamera.com/contact.php">공식</a>]]></description><styleUrl>#s4</styleUrl><Point><coordinates>135.501358,34.673454,0</coordinates></Point></Placemark><Placemark><name>🛍️ 야오토미 사진기점 본점</name><description><![CDATA[[필름카메라] 일정상 10/16(금) · 우메다·차야마치·나카자키초<br>우메다 노포 — 신품·중고 카메라, 필름카메라, 필름 현상소<br>🕒 10:00~20:00<br>쉬는 날: 여행 중 쉬는 날 없음(확인된 범위)<br>八百富写真機店 本店 · 大阪府大阪市北区梅田1-1-3 大阪駅前第3ビルB2F<br><a href='https://www.google.com/maps/search/?api=1&query=%E5%85%AB%E7%99%BE%E5%AF%8C%E5%86%99%E7%9C%9F%E6%A9%9F%E5%BA%97%20%E6%9C%AC%E5%BA%97%20%E5%A4%A7%E9%98%AA%E5%BA%9C%E5%A4%A7%E9%98%AA%E5%B8%82%E5%8C%97%E5%8C%BA%E6%A2%85%E7%94%B01-1-3%20%E5%A4%A7%E9%98%AA%E9%A7%85%E5%89%8D%E7%AC%AC3%E3%83%93%E3%83%ABB2F'>구글맵</a> · <a href="https://www.yaotomi.co.jp/user_data/shop_osaka_dai3">공식</a>]]></description><styleUrl>#s4</styleUrl><Point><coordinates>135.499878,34.698402,0</coordinates></Point></Placemark><Placemark><name>🛍️ 카메라노오바야시</name><description><![CDATA[[필름카메라] 일정상 10/16(금) · 우메다·차야마치·나카자키초<br>라이카 등 중고 카메라 전문, 중고 필름카메라 많음<br>🕒 10:00~19:00<br>쉬는 날: 여행 중 쉬는 날 없음(확인된 범위)<br>カメラのオオバヤシ · 大阪府大阪市北区梅田1-3-1 大阪駅前第1ビル1階<br><a href='https://www.google.com/maps/search/?api=1&query=%E3%82%AB%E3%83%A1%E3%83%A9%E3%81%AE%E3%82%AA%E3%82%AA%E3%83%90%E3%83%A4%E3%82%B7%20%E5%A4%A7%E9%98%AA%E5%BA%9C%E5%A4%A7%E9%98%AA%E5%B8%82%E5%8C%97%E5%8C%BA%E6%A2%85%E7%94%B01-3-1%20%E5%A4%A7%E9%98%AA%E9%A7%85%E5%89%8D%E7%AC%AC1%E3%83%93%E3%83%AB1%E9%9A%8E'>구글맵</a> · <a href="https://www.camera-no-ohbayashi.co.jp/html/page83.html">공식</a>]]></description><styleUrl>#s4</styleUrl><Point><coordinates>135.49704,34.698494,0</coordinates></Point></Placemark></Folder><Folder><name>카페 — 옛 다방·하브스(나폴리탄·케이크)</name><Placemark><name>☕★ 준킷사 아메리칸</name><description><![CDATA[[옛 다방 · 수빈 요청] ★ 추천 · 일정상 10/12 근처 · 난바·도톤보리<br>1946년 도톤보리. 샹들리에·나선계단 — 「옛날 앤틱 다방」 그 자체. 나폴리탄·프라페·커피 셋 다 되고 금연이라 1순위.<br>🍝 나폴리탄: 있음 — 「イタリアンスパゲティ」(케첩 나폴리탄)<br>🍧 프라페: 있음 — 딸기·과일·우지킨토키 フラッペ(옛 메뉴판 기준, 빙수에 가까운 얼음 디저트)<br>🚬 전석 금연(공식) · 💴 카드 가능(현장 확인)<br>🕒 10:00~22:00, 12/31 휴무, 월 3회 정도 목요일 휴무 가능. · 12/31 · 한 달에 3번쯤 목요일(공식) → 10/12·13·14·16 OK<br>純喫茶 アメリカン · 大阪府大阪市中央区道頓堀1-7-4 株式会社アメリカンビル<br><a href='https://www.google.com/maps/search/?api=1&query=%E7%B4%94%E5%96%AB%E8%8C%B6%20%E3%82%A2%E3%83%A1%E3%83%AA%E3%82%AB%E3%83%B3%20%E5%A4%A7%E9%98%AA%E5%BA%9C%E5%A4%A7%E9%98%AA%E5%B8%82%E4%B8%AD%E5%A4%AE%E5%8C%BA%E9%81%93%E9%A0%93%E5%A0%801-7-4%20%E6%A0%AA%E5%BC%8F%E4%BC%9A%E7%A4%BE%E3%82%A2%E3%83%A1%E3%83%AA%E3%82%AB%E3%83%B3%E3%83%93%E3%83%AB'>구글맵</a>]]></description><styleUrl>#s5</styleUrl><Point><coordinates>135.503113,34.668373,0</coordinates></Point></Placemark><Placemark><name>☕★ 센나리야 커피</name><description><![CDATA[[옛 다방 · 수빈 요청] ★ 추천 · 일정상 10/15 근처 · 신세카이·잔잔요코초<br>신세카이 골목. 나폴리탄 + 「프라페」 둘 다 확실한 곳. 10/15 돈다바야시에서 돌아와 16시대에 딱.<br>🍝 나폴리탄: 있음 — 焼きナポリタン 880엔(철판)<br>🍧 프라페: 있음 — ミックスジュースフラッペ 950엔(믹스주스 발상지의 얼음 갈아 만든 음료, 한국식 프라페에 가장 가까움)<br>🚬 전석 금연 · 💴 카드·교통카드·QR 가능<br>🕒 월~금 11:30~19:00, 토·일·공휴일 9:00~19:00. 푸드 L.O. 18:00, 드링크 L.O. 18:30. · 부정기 휴무 · 평일 11:30~19:00(음식 주문 18:00까지, 공식)<br>千成屋珈琲 · 大阪府大阪市浪速区恵美須東3-4-15<br><a href='https://www.google.com/maps/search/?api=1&query=%E5%8D%83%E6%88%90%E5%B1%8B%E7%8F%88%E7%90%B2%20%E5%A4%A7%E9%98%AA%E5%BA%9C%E5%A4%A7%E9%98%AA%E5%B8%82%E6%B5%AA%E9%80%9F%E5%8C%BA%E6%81%B5%E7%BE%8E%E9%A0%88%E6%9D%B13-4-15'>구글맵</a>]]></description><styleUrl>#s5</styleUrl><Point><coordinates>135.505981,34.649529,0</coordinates></Point></Placemark><Placemark><name>☕★ 킷사 아리사</name><description><![CDATA[[옛 다방 · 수빈 요청] ★ 추천 · 일정상 10/16 근처 · 우메다 / 시바타・한큐 우메다 고가 근처<br>스테인드글라스·벨벳 의자·어두운 나무 — 사진 보면 가장 「앤틱」. 우메다 날(10/16)에 한큐 고가 옆이라 들르기 쉬움.<br>🍝 나폴리탄: 있음 — 나폴리탄(점심 세트 800~900엔대)<br>🍧 프라페: 없음 → 커피 플로트·멜론소다 플로트<br>🚬 전석 금연(최근 정보) · 💴 현금만<br>🕒 평일 08:00-20:00, 토・일・공휴일 09:00-20:00 · 거의 무휴 · 평일 8:00~20:00<br>喫茶 アリサ · 大阪府大阪市北区芝田1-6-5<br><a href='https://www.google.com/maps/search/?api=1&query=%E5%96%AB%E8%8C%B6%20%E3%82%A2%E3%83%AA%E3%82%B5%20%E5%A4%A7%E9%98%AA%E5%BA%9C%E5%A4%A7%E9%98%AA%E5%B8%82%E5%8C%97%E5%8C%BA%E8%8A%9D%E7%94%B01-6-5'>구글맵</a>]]></description><styleUrl>#s5</styleUrl><Point><coordinates>135.498032,34.70647,0</coordinates></Point></Placemark><Placemark><name>☕ 마루후쿠 커피점 센니치마에 본점</name><description><![CDATA[[옛 다방 · 수빈 요청] 일정상 10/12 근처 · 센니치마에·난바<br>1934년 창업 브랜드. 어두운 나무 칸막이·샹들리에 — 진한 커피와 핫케이크 목적이면 최고.<br>🍝 나폴리탄: 한정 메뉴로 나온 적 있음(「老舗喫茶店のナポリタン」) — 지금 있는지 확인<br>🍧 프라페: 없음 → 믹스주스<br>🚬 전석 금연 · 💴 현금 준비(카드 불가 정보)<br>🕒 8:00~23:00. · 무휴 · 8:00~23:00<br>丸福珈琲店 千日前本店 · 大阪府大阪市中央区千日前1-9-1<br><a href='https://www.google.com/maps/search/?api=1&query=%E4%B8%B8%E7%A6%8F%E7%8F%88%E7%90%B2%E5%BA%97%20%E5%8D%83%E6%97%A5%E5%89%8D%E6%9C%AC%E5%BA%97%20%E5%A4%A7%E9%98%AA%E5%BA%9C%E5%A4%A7%E9%98%AA%E5%B8%82%E4%B8%AD%E5%A4%AE%E5%8C%BA%E5%8D%83%E6%97%A5%E5%89%8D1-9-1'>구글맵</a>]]></description><styleUrl>#s5</styleUrl><Point><coordinates>135.504211,34.667599,0</coordinates></Point></Placemark><Placemark><name>☕ 킷사 쇼치쿠</name><description><![CDATA[[옛 다방 · 수빈 요청] 일정상 10/13 근처 · 닛폰바시·덴덴타운<br>닛폰바시(10/13 오타로드) 한가운데. 스테인드글라스 창 + 나폴리탄·핫케이크·크림소다 사진이 예쁨. 옛 원형 그대로는 아님.<br>🍝 나폴리탄: 있음 — 「こだわりのナポリタン」(샐러드·수프)<br>🍧 프라페: 없음 → 크림소다<br>🚬 확인 못 함 · 💴 현금 준비<br>🕒 8:00~20:00, L.O. 19:30. · 부정기 휴무 · 8:00~20:00<br>喫茶松竹 · 大阪府大阪市浪速区日本橋3丁目7-20 福島ビル<br><a href='https://www.google.com/maps/search/?api=1&query=%E5%96%AB%E8%8C%B6%E6%9D%BE%E7%AB%B9%20%E5%A4%A7%E9%98%AA%E5%BA%9C%E5%A4%A7%E9%98%AA%E5%B8%82%E6%B5%AA%E9%80%9F%E5%8C%BA%E6%97%A5%E6%9C%AC%E6%A9%8B3%E4%B8%81%E7%9B%AE7-20%20%E7%A6%8F%E5%B3%B6%E3%83%93%E3%83%AB'>구글맵</a>]]></description><styleUrl>#s5</styleUrl><Point><coordinates>135.505524,34.66222,0</coordinates></Point></Placemark><Placemark><name>☕ 커피테이 캐빈</name><description><![CDATA[[옛 다방 · 수빈 요청] 일정상 10/14 근처 · 미나미호리에·난바 서쪽<br>배 선실 콘셉트 — 빨간 벨벳 의자·샹들리에·조타륜. 호리에(10/14 빈티지 날) 바로 그 동네.<br>🍝 나폴리탄: 있음(방문 후기 기준, 현재 가격은 현장 확인)<br>🍧 프라페: 없음 → 크림소다<br>🚬 흡연 가능(후기) — 담배 냄새 주의 · 💴 현금 준비<br>🕒 9:00~18:00. · 화·금요일 휴무 → 10/14(수) OK, 10/13·16 휴무<br>珈琲艇CABIN · 大阪府大阪市西区南堀江1丁目4-10<br><a href='https://www.google.com/maps/search/?api=1&query=%E7%8F%88%E7%90%B2%E8%89%87CABIN%20%E5%A4%A7%E9%98%AA%E5%BA%9C%E5%A4%A7%E9%98%AA%E5%B8%82%E8%A5%BF%E5%8C%BA%E5%8D%97%E5%A0%80%E6%B1%9F1%E4%B8%81%E7%9B%AE4-10'>구글맵</a>]]></description><styleUrl>#s5</styleUrl><Point><coordinates>135.496628,34.669456,0</coordinates></Point></Placemark><Placemark><name>☕ 킷사 도레미</name><description><![CDATA[[옛 다방 · 수빈 요청] 일정상 10/15 근처 · 신세카이·에비스초<br>통천각 바로 아래. 빨간 의자·식품 샘플 진열장의 「진짜 쇼와」. 흡연 가능이 흠.<br>🍝 나폴리탄: 있음 — 나폴리탄 700엔<br>🍧 프라페: 옛 메뉴에 딸기 フラッペ 650엔(지금은 확인 필요) · 파르페 강함<br>🚬 전석 흡연 가능 — 담배 냄새 주의 · 💴 VISA·Master·PayPay<br>🕒 수·목·금·토·일·공휴일 10:00~18:00, L.O. 17:30. · 월·화 휴무(공휴일이면 영업) → 10/15 OK<br>喫茶 ドレミ · 大阪府大阪市浪速区恵美須東1-18-8<br><a href='https://www.google.com/maps/search/?api=1&query=%E5%96%AB%E8%8C%B6%20%E3%83%89%E3%83%AC%E3%83%9F%20%E5%A4%A7%E9%98%AA%E5%BA%9C%E5%A4%A7%E9%98%AA%E5%B8%82%E6%B5%AA%E9%80%9F%E5%8C%BA%E6%81%B5%E7%BE%8E%E9%A0%88%E6%9D%B11-18-8'>구글맵</a>]]></description><styleUrl>#s5</styleUrl><Point><coordinates>135.50618,34.652443,0</coordinates></Point></Placemark><Placemark><name>☕ 마즈라</name><description><![CDATA[[옛 다방 · 수빈 요청] 일정상 10/16 근처 · 우메다 / 오사카역전 제1빌딩 B1F<br>1970년 그대로인 우주선 같은 실내. 앤틱보다는 「쇼와 레트로 미래」 느낌이라 사진은 독특.<br>🍝 나폴리탄: 있음 — 500엔(세트 700엔)<br>🍧 프라페: 없음 → 크림소다 380엔<br>🚬 분연이지만 담배 냄새 많음 — 금연석은 대기 있을 수 있음 · 💴 현금만<br>🕒 월-토 09:00-23:00로 공지된 자료와, 최근 카페 DB의 09:00-20:30/토 18:00 표기가 공존합니다. 늦은 방문은 공식 SNS/전화 확인 권장. · 일요일·공휴일 휴무 → 10/12 휴무, 10/16 OK<br>マヅラ喫茶店 · 大阪府大阪市北区梅田1-3-1 大阪駅前第1ビル B1F<br><a href='https://www.google.com/maps/search/?api=1&query=%E3%83%9E%E3%83%85%E3%83%A9%E5%96%AB%E8%8C%B6%E5%BA%97%20%E5%A4%A7%E9%98%AA%E5%BA%9C%E5%A4%A7%E9%98%AA%E5%B8%82%E5%8C%97%E5%8C%BA%E6%A2%85%E7%94%B01-3-1%20%E5%A4%A7%E9%98%AA%E9%A7%85%E5%89%8D%E7%AC%AC1%E3%83%93%E3%83%AB%20B1F'>구글맵</a>]]></description><styleUrl>#s5</styleUrl><Point><coordinates>135.49704,34.698494,0</coordinates></Point></Placemark><Placemark><name>☕ 킷사 빅토리야</name><description><![CDATA[[옛 다방 · 수빈 요청] 일정상 10/12 근처 · 난바, NAMBAなんなん<br>난바역 지하상가. 들르기 제일 쉽지만 리뉴얼돼 옛 느낌은 약함.<br>🍝 나폴리탄: 있음 — 名物ナポリタン 1,300엔<br>🍧 프라페: 없음 → 크림소다 800엔·믹스주스 880엔<br>🚬 전면 금연 · 💴 카드·교통카드·QR<br>🕒 9:00~22:00, L.O. 21:00. · 홀수 달 셋째 목요일만(10월은 해당 없음)<br>喫茶ビクトリヤ · 大阪府大阪市中央区難波5丁目 NAMBAなんなん1号<br><a href='https://www.google.com/maps/search/?api=1&query=%E5%96%AB%E8%8C%B6%E3%83%93%E3%82%AF%E3%83%88%E3%83%AA%E3%83%A4%20%E5%A4%A7%E9%98%AA%E5%BA%9C%E5%A4%A7%E9%98%AA%E5%B8%82%E4%B8%AD%E5%A4%AE%E5%8C%BA%E9%9B%A3%E6%B3%A25%E4%B8%81%E7%9B%AE%20NAMBA%E3%81%AA%E3%82%93%E3%81%AA%E3%82%931%E5%8F%B7'>구글맵</a>]]></description><styleUrl>#s5</styleUrl><Point><coordinates>135.501404,34.664261,0</coordinates></Point></Placemark><Placemark><name>☕ 미츠야 신사이바시 본점</name><description><![CDATA[[옛 다방 · 수빈 요청] 일정상 10/12 근처 · 신사이바시<br>1947년 계열 레스토랑형. 철판 나폴리탄을 확실히 먹는 곳.<br>🍝 나폴리탄: 있음 — 철판 나폴리탄<br>🍧 프라페: 없음 → 크림소다<br>🚬 확인 못 함(금연 가능성 높음) · 💴 카드 준비<br>🕒 11:00~22:00. · 정기휴무 없음 · 11:00~22:00<br>心斎橋 ミツヤ 心斎橋本店 · 大阪府大阪市中央区心斎橋筋2丁目3-21<br><a href='https://www.google.com/maps/search/?api=1&query=%E5%BF%83%E6%96%8E%E6%A9%8B%20%E3%83%9F%E3%83%84%E3%83%A4%20%E5%BF%83%E6%96%8E%E6%A9%8B%E6%9C%AC%E5%BA%97%20%E5%A4%A7%E9%98%AA%E5%BA%9C%E5%A4%A7%E9%98%AA%E5%B8%82%E4%B8%AD%E5%A4%AE%E5%8C%BA%E5%BF%83%E6%96%8E%E6%A9%8B%E7%AD%8B2%E4%B8%81%E7%9B%AE3-21'>구글맵</a>]]></description><styleUrl>#s5</styleUrl><Point><coordinates>135.501343,34.669712,0</coordinates></Point></Placemark><Placemark><name>☕ 준킷사 스완 아베노점</name><description><![CDATA[[옛 다방 · 수빈 요청] 일정상 10/15 근처 · 덴노지·아베노<br>나폴리탄+프라페 다 있고 싸지만 흡연석이고 실내는 평범한 편.<br>🍝 나폴리탄: 있음 — 「イタリアンスパゲティ」 600엔<br>🍧 프라페: 있음 — 밀크·과일 フラッペ(옛 메뉴 620~720엔)<br>🚬 전석 흡연 가능 — 담배 냄새 주의 · 💴 현금만<br>🕒 월~목·일 11:00~21:00, 금·토 11:00~22:00. · 무휴<br>純喫茶 スワン 阿倍野店 · 大阪府大阪市阿倍野区阿倍野筋1-3-19<br><a href='https://www.google.com/maps/search/?api=1&query=%E7%B4%94%E5%96%AB%E8%8C%B6%20%E3%82%B9%E3%83%AF%E3%83%B3%20%E9%98%BF%E5%80%8D%E9%87%8E%E5%BA%97%20%E5%A4%A7%E9%98%AA%E5%BA%9C%E5%A4%A7%E9%98%AA%E5%B8%82%E9%98%BF%E5%80%8D%E9%87%8E%E5%8C%BA%E9%98%BF%E5%80%8D%E9%87%8E%E7%AD%8B1-3-19'>구글맵</a>]]></description><styleUrl>#s5</styleUrl><Point><coordinates>135.512848,34.645298,0</coordinates></Point></Placemark><Placemark><name>☕ 킷사 타마이치</name><description><![CDATA[[옛 다방 · 수빈 요청] 일정상 10/15 근처 · 신세카이·잔잔요코초<br>신세카이에서 가장 오래된 계열. 담백한 동네 다방.<br>🍝 나폴리탄: 「イタリアン」(토마토 스파게티 계열)<br>🍧 프라페: 없음 → 밀크셰이크·푸딩<br>🚬 전석 금연 · 💴 AMEX·QR<br>🕒 월~토 7:30~20:00, 일·공휴일 7:30~19:00. · 수요일 휴무 → 10/15 OK<br>喫茶タマイチ · 大阪府大阪市浪速区恵美須東3-4-1<br><a href='https://www.google.com/maps/search/?api=1&query=%E5%96%AB%E8%8C%B6%E3%82%BF%E3%83%9E%E3%82%A4%E3%83%81%20%E5%A4%A7%E9%98%AA%E5%BA%9C%E5%A4%A7%E9%98%AA%E5%B8%82%E6%B5%AA%E9%80%9F%E5%8C%BA%E6%81%B5%E7%BE%8E%E9%A0%88%E6%9D%B13-4-1'>구글맵</a>]]></description><styleUrl>#s5</styleUrl><Point><coordinates>135.506287,34.650639,0</coordinates></Point></Placemark><Placemark><name>☕ 킹 오브 킹스</name><description><![CDATA[[옛 다방 · 수빈 요청] 일정상 10/16 근처 · 우메다 / 오사카역전 제1빌딩 B1F<br>모자이크 유리벽·곡선 소파·그랜드피아노. 사진은 화려하지만 흡연석.<br>🍝 나폴리탄: 있음<br>🍧 프라페: 없음 → 크림소다 750엔<br>🚬 전석 흡연 가능 — 담배 냄새 주의 · 💴 카드·QR 가능<br>🕒 월-토 12:00-22:30, L.O. 22:15 · 일요일·공휴일 휴무 → 10/16 OK<br>King of Kings · 大阪府大阪市北区梅田1-3-1 大阪駅前第1ビル B1F<br><a href='https://www.google.com/maps/search/?api=1&query=King%20of%20Kings%20%E5%A4%A7%E9%98%AA%E5%BA%9C%E5%A4%A7%E9%98%AA%E5%B8%82%E5%8C%97%E5%8C%BA%E6%A2%85%E7%94%B01-3-1%20%E5%A4%A7%E9%98%AA%E9%A7%85%E5%89%8D%E7%AC%AC1%E3%83%93%E3%83%AB%20B1F'>구글맵</a>]]></description><styleUrl>#s5</styleUrl><Point><coordinates>135.49704,34.698494,0</coordinates></Point></Placemark><Placemark><name>☕ 킷사 선샤인</name><description><![CDATA[[옛 다방 · 수빈 요청] 일정상 10/16 근처 · 우메다 / 오사카역전 제3빌딩 B2F<br>1973년. 핫케이크·자가배전 커피가 유명. 2025년에 이전해 옛 실내는 아님.<br>🍝 나폴리탄: 있음 — 「イタリアンスパゲッティ」 1,000엔<br>🍧 프라페: 없음 → 크림소다 750엔<br>🚬 전석 금연 · 💴 카드·QR 가능<br>🕒 평일 07:30-19:45(L.O.19:15), 토・일・공휴일 08:00-18:30(L.O.18:00) · 부정기 휴무(월별 SNS)<br>喫茶サンシャイン · 大阪府大阪市北区梅田1-1-3 大阪駅前第3ビル B2-89<br><a href='https://www.google.com/maps/search/?api=1&query=%E5%96%AB%E8%8C%B6%E3%82%B5%E3%83%B3%E3%82%B7%E3%83%A3%E3%82%A4%E3%83%B3%20%E5%A4%A7%E9%98%AA%E5%BA%9C%E5%A4%A7%E9%98%AA%E5%B8%82%E5%8C%97%E5%8C%BA%E6%A2%85%E7%94%B01-1-3%20%E5%A4%A7%E9%98%AA%E9%A7%85%E5%89%8D%E7%AC%AC3%E3%83%93%E3%83%AB%20B2-89'>구글맵</a>]]></description><styleUrl>#s5</styleUrl><Point><coordinates>135.499878,34.698402,0</coordinates></Point></Placemark><Placemark><name>☕★ 하브스 난바파크스점</name><description><![CDATA[[하브스 · 수빈 요청] 🍝 파스타 있음 · 일정상 10/12(월) 근처 · なんばパークス 3F<br>난바역에서 걸어서 갈 수 있는 난바파크스 3층 · 파스타 되는 지점(파스타 주문 17시까지) · 10/12 도착날 난바에서 바로<br>🕒 11:00~20:00 · 식사(파스타) 주문 17:00까지 · 카페 주문 19:30까지<br>ハーブス なんばパークス店 · 大阪府大阪市浪速区難波中2-10-70 なんばパークス 3F<br><a href='https://www.google.com/maps/search/?api=1&query=%E3%83%8F%E3%83%BC%E3%83%96%E3%82%B9%20%E3%81%AA%E3%82%93%E3%81%B0%E3%83%91%E3%83%BC%E3%82%AF%E3%82%B9%E5%BA%97%20%E5%A4%A7%E9%98%AA%E5%BA%9C%E5%A4%A7%E9%98%AA%E5%B8%82%E6%B5%AA%E9%80%9F%E5%8C%BA%E9%9B%A3%E6%B3%A2%E4%B8%AD2-10-70%20%E3%81%AA%E3%82%93%E3%81%B0%E3%83%91%E3%83%BC%E3%82%AF%E3%82%B9%203F'>구글맵</a> · <a href="https://www.harbs.co.jp/shop_kansai/">공식 매장 목록</a>]]></description><styleUrl>#s5</styleUrl><Point><coordinates>135.501251,34.662411,0</coordinates></Point></Placemark><Placemark><name>☕★ 하브스 신사이바시 파르코점</name><description><![CDATA[[하브스 · 수빈 요청] 🍝 파스타 있음 · 일정상 10/12(월) 근처 · 心斎橋PARCO 3F<br>신사이바시스지 PARCO 3층(같은 건물 5층이 점프숍 팝업) · 파스타 되는 지점(파스타 주문 17시까지) · 10/12 신사이바시 동선<br>🕒 11:00~20:00 · 식사(파스타) 주문 17:00까지 · 카페 주문 19:30까지<br>ハーブス 心斎橋パルコ店 · 大阪府大阪市中央区心斎橋筋1-8-3 心斎橋PARCO 3F<br><a href='https://www.google.com/maps/search/?api=1&query=%E3%83%8F%E3%83%BC%E3%83%96%E3%82%B9%20%E5%BF%83%E6%96%8E%E6%A9%8B%E3%83%91%E3%83%AB%E3%82%B3%E5%BA%97%20%E5%A4%A7%E9%98%AA%E5%BA%9C%E5%A4%A7%E9%98%AA%E5%B8%82%E4%B8%AD%E5%A4%AE%E5%8C%BA%E5%BF%83%E6%96%8E%E6%A9%8B%E7%AD%8B1-8-3%20%E5%BF%83%E6%96%8E%E6%A9%8BPARCO%203F'>구글맵</a> · <a href="https://www.harbs.co.jp/shop_kansai/">공식 매장 목록</a>]]></description><styleUrl>#s5</styleUrl><Point><coordinates>135.501312,34.674038,0</coordinates></Point></Placemark><Placemark><name>☕★ 하브스 다이마루 우메다점</name><description><![CDATA[[하브스 · 수빈 요청] 🍝 파스타 있음 · 일정상 10/16(금) 근처 · 大丸梅田店 6F<br>다이마루 우메다 6층 · 파스타 주문이 19시까지라 저녁에도 됨 · 10/16 우메다 날, 공항 가기 전<br>🕒 11:00~20:00 · 식사(파스타) 주문 19:00까지 · 카페 주문 19:30까지<br>ハーブス 大丸梅田店 · 大阪府大阪市北区梅田3-1-1 大丸梅田店 6F<br><a href='https://www.google.com/maps/search/?api=1&query=%E3%83%8F%E3%83%BC%E3%83%96%E3%82%B9%20%E5%A4%A7%E4%B8%B8%E6%A2%85%E7%94%B0%E5%BA%97%20%E5%A4%A7%E9%98%AA%E5%BA%9C%E5%A4%A7%E9%98%AA%E5%B8%82%E5%8C%97%E5%8C%BA%E6%A2%85%E7%94%B03-1-1%20%E5%A4%A7%E4%B8%B8%E6%A2%85%E7%94%B0%E5%BA%97%206F'>구글맵</a> · <a href="https://www.harbs.co.jp/shop_kansai/">공식 매장 목록</a>]]></description><styleUrl>#s5</styleUrl><Point><coordinates>135.496338,34.701881,0</coordinates></Point></Placemark><Placemark><name>☕ 하브스 아베노 하루카스점</name><description><![CDATA[[하브스 · 수빈 요청] 케이크·음료만 · 일정상 10/15(목) 근처 · あべのハルカス近鉄本店 ウイング館 3F<br>아베노 하루카스 긴테쓰 본점 윙관 3층 · 케이크·음료만(파스타 없음) · 10/15 텐노지·아베노 날<br>🕒 11:00~20:00 · 카페 주문 19:00까지 · 파스타 없음<br>ハーブス 近鉄あべのハルカス店 · 大阪府大阪市阿倍野区阿倍野筋1-1-43 あべのハルカス近鉄本店 ウイング館 3F<br><a href='https://www.google.com/maps/search/?api=1&query=%E3%83%8F%E3%83%BC%E3%83%96%E3%82%B9%20%E8%BF%91%E9%89%84%E3%81%82%E3%81%B9%E3%81%AE%E3%83%8F%E3%83%AB%E3%82%AB%E3%82%B9%E5%BA%97%20%E5%A4%A7%E9%98%AA%E5%BA%9C%E5%A4%A7%E9%98%AA%E5%B8%82%E9%98%BF%E5%80%8D%E9%87%8E%E5%8C%BA%E9%98%BF%E5%80%8D%E9%87%8E%E7%AD%8B1-1-43%20%E3%81%82%E3%81%B9%E3%81%AE%E3%83%8F%E3%83%AB%E3%82%AB%E3%82%B9%E8%BF%91%E9%89%84%E6%9C%AC%E5%BA%97%20%E3%82%A6%E3%82%A4%E3%83%B3%E3%82%B0%E9%A4%A8%203F'>구글맵</a> · <a href="https://www.harbs.co.jp/shop_kansai/">공식 매장 목록</a>]]></description><styleUrl>#s5</styleUrl><Point><coordinates>135.513275,34.64645,0</coordinates></Point></Placemark><Placemark><name>☕ 하브스 한큐삼번가점</name><description><![CDATA[[하브스 · 수빈 요청] 케이크·음료만 · 일정상 10/16(금) 근처 · 阪急三番街 南館 B1F<br>한큐3번가 남관 지하 1층 · 케이크·음료만(파스타 없음) · 10/16 우메다<br>🕒 11:00~20:00(테이크아웃 21:00) · 카페 주문 19:30까지 · 파스타 없음<br>ハーブス 阪急三番街店 · 大阪府大阪市北区芝田1-1-3 阪急三番街 南館 B1F<br><a href='https://www.google.com/maps/search/?api=1&query=%E3%83%8F%E3%83%BC%E3%83%96%E3%82%B9%20%E9%98%AA%E6%80%A5%E4%B8%89%E7%95%AA%E8%A1%97%E5%BA%97%20%E5%A4%A7%E9%98%AA%E5%BA%9C%E5%A4%A7%E9%98%AA%E5%B8%82%E5%8C%97%E5%8C%BA%E8%8A%9D%E7%94%B01-1-3%20%E9%98%AA%E6%80%A5%E4%B8%89%E7%95%AA%E8%A1%97%20%E5%8D%97%E9%A4%A8%20B1F'>구글맵</a> · <a href="https://www.harbs.co.jp/shop_kansai/">공식 매장 목록</a>]]></description><styleUrl>#s5</styleUrl><Point><coordinates>135.499008,34.70414,0</coordinates></Point></Placemark><Placemark><name>☕ 하브스 디아몰 오사카점</name><description><![CDATA[[하브스 · 수빈 요청] 케이크·음료만 · 일정상 10/16(금) 근처 · ディアモール大阪 B1F<br>디아몰 오사카(우메다 지하상가) · 케이크·음료만(파스타 없음) · 21시까지라 가장 늦게까지<br>🕒 11:00~21:00 · 카페 주문 20:00까지 · 파스타 없음<br>ハーブス ディアモール大阪店 · 大阪府大阪市北区梅田1丁目 大阪駅前ダイヤモンド地下街5号 ディアモール大阪 B1F<br><a href='https://www.google.com/maps/search/?api=1&query=%E3%83%8F%E3%83%BC%E3%83%96%E3%82%B9%20%E3%83%87%E3%82%A3%E3%82%A2%E3%83%A2%E3%83%BC%E3%83%AB%E5%A4%A7%E9%98%AA%E5%BA%97%20%E5%A4%A7%E9%98%AA%E5%BA%9C%E5%A4%A7%E9%98%AA%E5%B8%82%E5%8C%97%E5%8C%BA%E6%A2%85%E7%94%B01%E4%B8%81%E7%9B%AE%20%E5%A4%A7%E9%98%AA%E9%A7%85%E5%89%8D%E3%83%80%E3%82%A4%E3%83%A4%E3%83%A2%E3%83%B3%E3%83%89%E5%9C%B0%E4%B8%8B%E8%A1%975%E5%8F%B7%20%E3%83%87%E3%82%A3%E3%82%A2%E3%83%A2%E3%83%BC%E3%83%AB%E5%A4%A7%E9%98%AA%20B1F'>구글맵</a> · <a href="https://www.harbs.co.jp/shop_kansai/">공식 매장 목록</a>]]></description><styleUrl>#s5</styleUrl><Point><coordinates>135.497726,34.700012,0</coordinates></Point></Placemark></Folder><Folder><name>근교 소도시(10/15 당일치기 후보)</name><Placemark><name>👀 야마토코리야마 (나라현 야마토코리야마시)</name><description><![CDATA[[근교 소도시 · 10/15 당일치기 후보] ◎ 대안<br>금붕어 마을(수로·옛 유곽 건물·성터). 덴노지에서 JR 30분 510엔 — 가장 쌈<br>한적함 ●●●●○ · 1인 약 1,560엔(왕복·입장료) · 반나절: 현지 약 5시간(10:00~15:40), 오사카 왕복 이동을 합쳐 약 7시간<br><a href='https://www.google.com/maps/search/?api=1&query=%E5%A4%A7%E5%92%8C%E9%83%A1%E5%B1%B1%EF%BC%88%E5%A5%88%E8%89%AF%E7%9C%8C%E5%A4%A7%E5%92%8C%E9%83%A1%E5%B1%B1%E5%B8%82%EF%BC%89%20%E5%A5%88%E8%89%AF%E7%9C%8C%E5%A4%A7%E5%92%8C%E9%83%A1%E5%B1%B1%E5%B8%82%E5%9F%8E%E5%86%85%E7%94%BA2-255'>구글맵</a> · <a href="https://www.yk-kankou.jp/">관광 안내</a>]]></description><styleUrl>#s6</styleUrl><Point><coordinates>135.777298,34.652153,0</coordinates></Point></Placemark><Placemark><name>👀 이마이초 (나라현 가시하라시)</name><description><![CDATA[[근교 소도시 · 10/15 당일치기 후보] <br>에도 마을이 통째로 남은 최대 규모 — 단 안내센터(華甍) 휴관 중<br>한적함 ●●●●● · 1인 약 2,020엔(왕복·입장료) · 반나절 (현지 4~5시간, 오사카 09시 출발·17시 전 복귀)<br><a href='https://www.google.com/maps/search/?api=1&query=%E4%BB%8A%E4%BA%95%E7%94%BA%EF%BC%88%E5%A5%88%E8%89%AF%E7%9C%8C%E6%A9%BF%E5%8E%9F%E5%B8%82%EF%BC%89%20%E5%A5%88%E8%89%AF%E7%9C%8C%E6%A9%BF%E5%8E%9F%E5%B8%82%E4%BB%8A%E4%BA%95%E7%94%BA2-3-5'>구글맵</a> · <a href="https://kashihara-kanko.or.jp/about/imaicho.php">관광 안내</a>]]></description><styleUrl>#s6</styleUrl><Point><coordinates>135.78949,34.505112,0</coordinates></Point></Placemark><Placemark><name>👀 오미하치만</name><description><![CDATA[[근교 소도시 · 10/15 당일치기 후보] <br>운하 뱃놀이 마을 — 가장 비싸고 하루를 다 씀<br>한적함 ●●●●○ · 1인 약 5,230엔(왕복·입장료) · 하루 일정입니다(난바 출발부터 귀착까지 약 9시간 반, 현지 약 6시간). 로프웨이와 자료관을 빼면 현지 3~4시간짜리 반나절로도 됩니다.<br><a href='https://www.google.com/maps/search/?api=1&query=%E8%BF%91%E6%B1%9F%E5%85%AB%E5%B9%A1%20%E6%BB%8B%E8%B3%80%E7%9C%8C%E8%BF%91%E6%B1%9F%E5%85%AB%E5%B9%A1%E5%B8%82%E5%AE%AE%E5%86%85%E7%94%BA257'>구글맵</a> · <a href="https://www.omi8.com/">관광 안내</a>]]></description><styleUrl>#s6</styleUrl><Point><coordinates>136.084641,35.141888,0</coordinates></Point></Placemark><Placemark><name>👀 사카모토 (시가현 오쓰시)</name><description><![CDATA[[근교 소도시 · 10/15 당일치기 후보] <br>히에이산 아래 돌담 마을 — 교토 너머라 멀고 비쌈<br>한적함 ●●●●○ · 1인 약 3,830엔(왕복·입장료) · 반나절~하루 (현지 약 5시간 + 오사카 왕복 약 2시간 10분~2시간 40분, 난바 기준 08:56 출발 → 16:50 귀착)<br><a href='https://www.google.com/maps/search/?api=1&query=%E5%9D%82%E6%9C%AC%EF%BC%88%E6%BB%8B%E8%B3%80%E7%9C%8C%E5%A4%A7%E6%B4%A5%E5%B8%82%EF%BC%89%20%E6%BB%8B%E8%B3%80%E7%9C%8C%E5%A4%A7%E6%B4%A5%E5%B8%82%E5%9D%82%E6%9C%AC5-1-1'>구글맵</a> · <a href="https://hieizansakamoto.jp/">관광 안내</a>]]></description><styleUrl>#s6</styleUrl><Point><coordinates>135.864853,35.071457,0</coordinates></Point></Placemark><Placemark><name>👀 후시미 (교토시 후시미구 사케 양조 마을)</name><description><![CDATA[[근교 소도시 · 10/15 당일치기 후보] <br>사케 양조장·운하 마을. 먹을거리는 많지만 사람도 많은 편<br>한적함 ●●●○○ · 1인 약 2,500엔(왕복·입장료) · 반나절 (현지 약 5~6시간, 난바 출발부터 귀착까지 약 8시간)<br><a href='https://www.google.com/maps/search/?api=1&query=%E4%BC%8F%E8%A6%8B%EF%BC%88%E4%BA%AC%E9%83%BD%E5%B8%82%E4%BC%8F%E8%A6%8B%E5%8C%BA%E3%83%BB%E9%85%92%E8%94%B5%E5%9C%B0%E5%8C%BA%EF%BC%8F%E4%B8%AD%E6%9B%B8%E5%B3%B6%E3%80%9C%E5%A4%A7%E6%89%8B%E7%AD%8B%EF%BC%89%20%E4%BA%AC%E9%83%BD%E5%BA%9C%E4%BA%AC%E9%83%BD%E5%B8%82%E4%BC%8F%E8%A6%8B%E5%8C%BA%E5%8D%97%E6%B5%9C%E7%94%BA247'>구글맵</a> · <a href="https://kyoto-fushimi.or.jp/">관광 안내</a>]]></description><styleUrl>#s6</styleUrl><Point><coordinates>135.760834,34.930042,0</coordinates></Point></Placemark><Placemark><name>👀★ 돈다바야시 지나이마치</name><description><![CDATA[[근교 소도시 · 10/15 당일치기 후보] ★ 추천<br>오사카부에 하나뿐인 전통 마을 보존지구. 주민이 사는 동네라 평일엔 거의 사람이 없음 — 덴노지에서 환승 없이 30분<br>한적함 ●●●●● · 1인 약 1,940엔(왕복·입장료) · 반나절 (현지 약 5시간, 난바 왕복 포함 약 7시간)<br><a href='https://www.google.com/maps/search/?api=1&query=%E5%AF%8C%E7%94%B0%E6%9E%97%E5%AF%BA%E5%86%85%E7%94%BA%EF%BC%88%E3%81%A8%E3%82%93%E3%81%A0%E3%81%B0%E3%82%84%E3%81%97%E3%81%98%E3%81%AA%E3%81%84%E3%81%BE%E3%81%A1%EF%BC%89%20%E5%A4%A7%E9%98%AA%E5%BA%9C%E5%AF%8C%E7%94%B0%E6%9E%97%E5%B8%82%E5%AF%8C%E7%94%B0%E6%9E%97%E7%94%BA14-31'>구글맵</a> · <a href="https://tondabayashi-navi.com/">관광 안내</a>]]></description><styleUrl>#s6</styleUrl><Point><coordinates>135.601486,34.499626,0</coordinates></Point></Placemark><Placemark><name>👀 단바사사야마 (효고현, 사사야마 성하마을)</name><description><![CDATA[[근교 소도시 · 10/15 당일치기 후보] <br>성하마을 + 검은콩 철 — 멀고 비쌈<br>한적함 ●●●○○ · 1인 약 4,300엔(왕복·입장료) · 하루 (왕복 이동 약 3시간 30분 + 현지 약 5시간). 반나절로 줄이면 성터·무사 거리·河原町만 약 3시간<br><a href='https://www.google.com/maps/search/?api=1&query=%E4%B8%B9%E6%B3%A2%E7%AF%A0%E5%B1%B1%EF%BC%88%E5%85%B5%E5%BA%AB%E7%9C%8C%E4%B8%B9%E6%B3%A2%E7%AF%A0%E5%B1%B1%E5%B8%82%E3%83%BB%E7%AF%A0%E5%B1%B1%E5%9F%8E%E4%B8%8B%E7%94%BA%EF%BC%89%20%E5%85%B5%E5%BA%AB%E7%9C%8C%E4%B8%B9%E6%B3%A2%E7%AF%A0%E5%B1%B1%E5%B8%82%E5%8C%97%E6%96%B0%E7%94%BA2-3'>구글맵</a> · <a href="https://tourism.sasayama.jp/">관광 안내</a>]]></description><styleUrl>#s6</styleUrl><Point><coordinates>135.218323,35.072681,0</coordinates></Point></Placemark><Placemark><name>👀 가다 (와카야마시)</name><description><![CDATA[[근교 소도시 · 10/15 당일치기 후보] <br>도미 열차 타고 가는 어촌, 인형 신사·바다 노을 — 왕복 3시간 넘게 걸림<br>한적함 ●●●●○ · 1인 약 2,020엔(왕복·입장료) · 반나절~하루 (현지 약 4시간 40분 + 왕복 이동 약 3시간 10분 / 노을 연장 시 19:48 귀착 / 友ヶ島를 넣으면 하루)<br><a href='https://www.google.com/maps/search/?api=1&query=%E5%8A%A0%E5%A4%AA%EF%BC%88%E5%92%8C%E6%AD%8C%E5%B1%B1%E7%9C%8C%E5%92%8C%E6%AD%8C%E5%B1%B1%E5%B8%82%EF%BC%89%20%E5%92%8C%E6%AD%8C%E5%B1%B1%E7%9C%8C%E5%92%8C%E6%AD%8C%E5%B1%B1%E5%B8%82%E5%8A%A0%E5%A4%AA118'>구글맵</a> · <a href="https://www.kada.jp/">관광 안내</a>]]></description><styleUrl>#s6</styleUrl><Point><coordinates>135.068909,34.273422,0</coordinates></Point></Placemark><Placemark><name>👀 우다마쓰야마 (나라현 우다시 오우다)</name><description><![CDATA[[근교 소도시 · 10/15 당일치기 후보] <br>가장 조용한 곳 중 하나지만 버스가 1시간에 1대<br>한적함 ●●●●● · 1인 약 3,810엔(왕복·입장료) · 반나절~하루 (현지 약 5시간 + 왕복 이동 약 3시간, 08:08 출발 → 16:10 난바 도착)<br><a href='https://www.google.com/maps/search/?api=1&query=%E5%AE%87%E9%99%80%E6%9D%BE%E5%B1%B1%EF%BC%88%E5%A5%88%E8%89%AF%E7%9C%8C%E5%AE%87%E9%99%80%E5%B8%82%E5%A4%A7%E5%AE%87%E9%99%80%EF%BC%89%20%E5%A5%88%E8%89%AF%E7%9C%8C%E5%AE%87%E9%99%80%E5%B8%82%E5%A4%A7%E5%AE%87%E9%99%80%E4%B8%8A%E6%96%B01880'>구글맵</a> · <a href="https://uda-matsuyama.com/">관광 안내</a>]]></description><styleUrl>#s6</styleUrl><Point><coordinates>135.933273,34.478996,0</coordinates></Point></Placemark><Placemark><name>👀 시오야 (고베시 다루미구)</name><description><![CDATA[[근교 소도시 · 10/15 당일치기 후보] ◎ 대안<br>바다·언덕 골목·옛 양관. 10/15가 마침 양관 무료 공개일 — 사진은 가장 「영화 같은」 곳<br>한적함 ●●●●○ · 1인 약 1,660엔(왕복·입장료) · 반나절(현지 4~5시간 + 오사카 왕복 이동 약 2시간 20분, 총 7~8시간)<br><a href='https://www.google.com/maps/search/?api=1&query=%E5%A1%A9%E5%B1%8B%EF%BC%88%E5%85%B5%E5%BA%AB%E7%9C%8C%E7%A5%9E%E6%88%B8%E5%B8%82%E5%9E%82%E6%B0%B4%E5%8C%BA%EF%BC%89%20%E5%85%B5%E5%BA%AB%E7%9C%8C%E7%A5%9E%E6%88%B8%E5%B8%82%E5%9E%82%E6%B0%B4%E5%8C%BA%E5%A1%A9%E5%B1%8B%E7%94%BA3-5-17'>구글맵</a> · <a href="https://www.feel-kobe.jp/model_course/modelcourse_25/">관광 안내</a>]]></description><styleUrl>#s6</styleUrl><Point><coordinates>135.085114,34.634224,0</coordinates></Point></Placemark></Folder><Folder><name>이벤트·콜라보</name><Placemark><name>🎯 사카모토 데이즈 콜라보숍(FavoteriA なんばEAST)</name><description><![CDATA[[이벤트·콜라보] ~10/12(월) 마지막 날 · 12~20시 · 무료 선착 예약제<br>FavoteriA なんばEAST · 大阪府大阪市中央区難波1-2-3<br><a href='https://livepocket.jp/t/3gelw'>안내·예약</a> · <a href='https://www.google.com/maps/search/?api=1&query=FavoteriA%20%E3%81%AA%E3%82%93%E3%81%B0EAST%20%E5%A4%A7%E9%98%AA%E5%BA%9C%E5%A4%A7%E9%98%AA%E5%B8%82%E4%B8%AD%E5%A4%AE%E5%8C%BA%E9%9B%A3%E6%B3%A21-2-3'>구글맵</a>]]></description><styleUrl>#s7</styleUrl><Point><coordinates>135.503067,34.66777,0</coordinates></Point></Placemark><Placemark><name>🎯 긴다코 × 헌터헌터 콜라보 2탄(아베노 큐즈몰점)</name><description><![CDATA[[이벤트·콜라보] 8/18~11/17 · 대상 매장인지 특설 페이지 확인<br>築地銀だこ あべのキューズモール店 · 大阪府大阪市阿倍野区阿倍野筋1-6-1<br><a href='https://campaign.gindaco.com/gindaco_2026_08/'>안내·예약</a> · <a href='https://www.google.com/maps/search/?api=1&query=%E7%AF%89%E5%9C%B0%E9%8A%80%E3%81%A0%E3%81%93%20%E3%81%82%E3%81%B9%E3%81%AE%E3%82%AD%E3%83%A5%E3%83%BC%E3%82%BA%E3%83%A2%E3%83%BC%E3%83%AB%E5%BA%97%20%E5%A4%A7%E9%98%AA%E5%BA%9C%E5%A4%A7%E9%98%AA%E5%B8%82%E9%98%BF%E5%80%8D%E9%87%8E%E5%8C%BA%E9%98%BF%E5%80%8D%E9%87%8E%E7%AD%8B1-6-1'>구글맵</a>]]></description><styleUrl>#s7</styleUrl><Point><coordinates>135.512772,34.646053,0</coordinates></Point></Placemark></Folder><Folder><name>가고 싶은 곳 — 유니버설·나라·구로몬</name><Placemark><name>👀★ 유니버설 스튜디오 재팬</name><description><![CDATA[[가고 싶은 곳] 날짜 미정 · 유니버설시티<br>하루 통째로 쓰는 곳 · 입장권은 날짜마다 값이 달라 미리 사야 해요(날짜별 가격·혼잡·가는 길 조사 중)<br>🕒 날짜마다 운영 시간이 달라요(조사 중)<br>ユニバーサル・スタジオ・ジャパン · 大阪府大阪市此花区桜島2-1-33<br><a href='https://www.google.com/maps/search/?api=1&query=%E3%83%A6%E3%83%8B%E3%83%90%E3%83%BC%E3%82%B5%E3%83%AB%E3%83%BB%E3%82%B9%E3%82%BF%E3%82%B8%E3%82%AA%E3%83%BB%E3%82%B8%E3%83%A3%E3%83%91%E3%83%B3%20%E5%A4%A7%E9%98%AA%E5%BA%9C%E5%A4%A7%E9%98%AA%E5%B8%82%E6%AD%A4%E8%8A%B1%E5%8C%BA%E6%A1%9C%E5%B3%B62-1-33'>구글맵</a> · <a href="https://www.usj.co.jp/">공식</a>]]></description><styleUrl>#s8</styleUrl><Point><coordinates>135.435638,34.667965,0</coordinates></Point></Placemark><Placemark><name>👀★ 나라공원 — 사슴</name><description><![CDATA[[가고 싶은 곳] 날짜 미정 · 나라<br>사슴 센베이 주기 · 긴테쓰 나라역에서 걸어서 · 도다이지와 붙어 있어 같이 보는 곳(가는 길·시간 조사 중)<br>🕒 공원이라 언제든<br>奈良公園 · 奈良県奈良市登大路町<br><a href='https://www.google.com/maps/search/?api=1&query=%E5%A5%88%E8%89%AF%E5%85%AC%E5%9C%92%20%E5%A5%88%E8%89%AF%E7%9C%8C%E5%A5%88%E8%89%AF%E5%B8%82%E7%99%BB%E5%A4%A7%E8%B7%AF%E7%94%BA'>구글맵</a>]]></description><styleUrl>#s8</styleUrl><Point><coordinates>135.835114,34.684093,0</coordinates></Point></Placemark><Placemark><name>👀★ 도다이지 대불전</name><description><![CDATA[[가고 싶은 곳] 날짜 미정 · 나라<br>큰 불상이 있는 절 · 나라공원 바로 옆(입장료·여는 시간 조사 중)<br>🕒 조사 중<br>東大寺 大仏殿 · 奈良県奈良市雑司町406-1<br><a href='https://www.google.com/maps/search/?api=1&query=%E6%9D%B1%E5%A4%A7%E5%AF%BA%20%E5%A4%A7%E4%BB%8F%E6%AE%BF%20%E5%A5%88%E8%89%AF%E7%9C%8C%E5%A5%88%E8%89%AF%E5%B8%82%E9%9B%91%E5%8F%B8%E7%94%BA406-1'>구글맵</a> · <a href="https://www.todaiji.or.jp/">공식</a>]]></description><styleUrl>#s8</styleUrl><Point><coordinates>135.838135,34.686146,0</coordinates></Point></Placemark><Placemark><name>👀★ 구로몬 시장</name><description><![CDATA[[가고 싶은 곳] 일정상 10/13(화) · 닛폰바시<br>일정상 10/13 점심 — 해산물·꼬치 먹으며 걷기 · 닛폰바시역 바로 옆(가격·쉬는 가게 조사 중)<br>🕒 조사 중<br>黒門市場 · 大阪府大阪市中央区日本橋2-4-1<br><a href='https://www.google.com/maps/search/?api=1&query=%E9%BB%92%E9%96%80%E5%B8%82%E5%A0%B4%20%E5%A4%A7%E9%98%AA%E5%BA%9C%E5%A4%A7%E9%98%AA%E5%B8%82%E4%B8%AD%E5%A4%AE%E5%8C%BA%E6%97%A5%E6%9C%AC%E6%A9%8B2-4-1'>구글맵</a>]]></description><styleUrl>#s8</styleUrl><Point><coordinates>135.506592,34.665268,0</coordinates></Point></Placemark></Folder></Document></kml>